,date,state,positive,negative,pending,hospitalizedCurrently,hospitalizedCumulative,inIcuCurrently,inIcuCumulative,onVentilatorCurrently,onVentilatorCumulative,recovered,dataQualityGrade,lastUpdateEt,dateModified,checkTimeEt,death,hospitalized,dateChecked,totalTestsViral,positiveTestsViral,negativeTestsViral,positiveCasesViral,fips,positiveIncrease,negativeIncrease,total,totalTestResults,totalTestResultsIncrease,posNeg,deathIncrease,hospitalizedIncrease,hash,commercialScore,negativeRegularScore,negativeScore,positiveScore,score,grade
0,20200630,PR,7465,,,102.0,,9.0,,2.0,,,C,6/30/2020 06:30,2020-06-30T06:30:00Z,06/30 02:30,153.0,,2020-06-30T06:30:00Z,61515.0,,,1693.0,72,215,0,7465,7465,215,7465,0,0,dbcf12e74c73ddddc13689c4177840c386c8299e,0,0,0,0,0,
1,20200629,PR,7250,,,104.0,,8.0,,1.0,,,C,6/29/2020 06:30,2020-06-29T06:30:00Z,06/29 02:30,153.0,,2020-06-29T06:30:00Z,61515.0,,,1638.0,72,61,0,7250,7250,61,7250,0,0,c7a445a1cedf9d0ba21a8ab85d45c21a0e77770b,0,0,0,0,0,
2,20200628,PR,7189,,,99.0,,8.0,,5.0,,,C,6/28/2020 06:30,2020-06-28T06:30:00Z,06/28 02:30,153.0,,2020-06-28T06:30:00Z,61515.0,,,1624.0,72,123,0,7189,7189,123,7189,1,0,695b521050fc385d062b36af17b168b18d3dc4c1,0,0,0,0,0,
3,20200627,PR,7066,,,105.0,,10.0,,5.0,,,C,6/27/2020 06:30,2020-06-27T06:30:00Z,06/27 02:30,152.0,,2020-06-27T06:30:00Z,61515.0,,,1602.0,72,144,0,7066,7066,144,7066,1,0,db4d23985206414339e7ad1a1715b3ebcde5fe8e,0,0,0,0,0,
4,20200626,PR,6922,,,89.0,,9.0,,7.0,,,C,6/26/2020 06:30,2020-06-26T06:30:00Z,06/26 02:30,151.0,,2020-06-26T06:30:00Z,61515.0,,,1583.0,72,45,0,6922,6922,45,6922,0,0,db4e36cb4fcc4730dc7b514d6234b00eb54a80d3,0,0,0,0,0,
5,20200625,PR,6877,,,85.0,,12.0,,4.0,,,C,6/25/2020 06:30,2020-06-25T06:30:00Z,06/25 02:30,151.0,,2020-06-25T06:30:00Z,61515.0,,,1579.0,72,57,0,6877,6877,57,6877,2,0,2b44ef7c176bf4051de51e394081482d6eded5bf,0,0,0,0,0,
6,20200624,PR,6820,,,80.0,,9.0,,2.0,,,C,6/24/2020 06:30,2020-06-24T06:30:00Z,06/24 02:30,149.0,,2020-06-24T06:30:00Z,61515.0,,,1577.0,72,135,0,6820,6820,135,6820,0,0,df5a426cd81b2994da3d96b48b545d1a6c0d9eef,0,0,0,0,0,
7,20200623,PR,6685,,,77.0,,9.0,,2.0,,,C,6/23/2020 06:30,2020-06-23T06:30:00Z,06/23 02:30,149.0,,2020-06-23T06:30:00Z,61515.0,,,1550.0,72,121,0,6685,6685,121,6685,0,0,f432b6c258a82229b6f84c2dbb372acbc2de8cd3,0,0,0,0,0,
8,20200622,PR,6564,,,70.0,,10.0,,3.0,,,C,6/22/2020 06:30,2020-06-22T06:30:00Z,06/22 02:30,149.0,,2020-06-22T06:30:00Z,61515.0,,,1540.0,72,39,0,6564,6564,39,6564,0,0,1a9e7c6783df7a1d1774a7aa29ae546a376573ae,0,0,0,0,0,
9,20200621,PR,6525,,,71.0,,13.0,,5.0,,,C,6/21/2020 06:30,2020-06-21T06:30:00Z,06/21 02:30,149.0,,2020-06-21T06:30:00Z,61515.0,,,1533.0,72,62,0,6525,6525,62,6525,2,0,4c0ebaab33b6cfbaafe1c7b0cb25ebf3b1021e6a,0,0,0,0,0,
10,20200620,PR,6463,,,83.0,,10.0,,4.0,,,C,6/20/2020 06:30,2020-06-20T06:30:00Z,06/20 02:30,147.0,,2020-06-20T06:30:00Z,61515.0,,,1531.0,72,268,0,6463,6463,268,6463,0,0,1b58d1e40bb835669c9721e4d15191a2691e3aba,0,0,0,0,0,
11,20200619,PR,6195,,,78.0,,7.0,,3.0,,,C,6/19/2020 06:30,2020-06-19T06:30:00Z,06/19 02:30,147.0,,2020-06-19T06:30:00Z,61515.0,,,1499.0,72,84,0,6195,6195,84,6195,0,0,d03792a2481acd3a84063d1b9f05544eeb050818,0,0,0,0,0,
12,20200618,PR,6111,,,73.0,,9.0,,5.0,,,C,6/18/2020 06:30,2020-06-18T06:30:00Z,06/18 02:30,147.0,,2020-06-18T06:30:00Z,61515.0,,,1496.0,72,108,0,6111,6111,108,6111,0,0,7d03c63ec21deb6f2456259a3508fa063438143f,0,0,0,0,0,
13,20200617,PR,6003,,,78.0,,8.0,,1.0,,,C,6/17/2020 06:30,2020-06-17T06:30:00Z,06/17 02:30,147.0,,2020-06-17T06:30:00Z,61515.0,,,1486.0,72,52,0,6003,6003,52,6003,0,0,13facb5cadb073b006aec737d9ca664096a2eb94,0,0,0,0,0,
14,20200616,PR,5951,,,94.0,,9.0,,1.0,,,C,6/16/2020 06:30,2020-06-16T06:30:00Z,06/16 02:30,147.0,,2020-06-16T06:30:00Z,61515.0,,,1479.0,72,61,0,5951,5951,61,5951,0,0,8b8087ca3125079549ba4377a4ccfcdf60f36bae,0,0,0,0,0,
15,20200615,PR,5890,,,104.0,,8.0,,2.0,,,C,6/15/2020 06:30,2020-06-15T06:30:00Z,06/15 02:30,147.0,,2020-06-15T06:30:00Z,61515.0,,,1477.0,72,79,0,5890,5890,79,5890,0,0,8eb23a03c430d5706f2c25b96f82df79eb052f21,0,0,0,0,0,
16,20200614,PR,5811,,,110.0,,6.0,,2.0,,,C,6/14/2020 06:30,2020-06-14T06:30:00Z,06/14 02:30,147.0,,2020-06-14T06:30:00Z,61515.0,,,1471.0,72,121,0,5811,5811,121,5811,1,0,014d820b91388f77a5bd6ee3d2f69d74dbbe3013,0,0,0,0,0,
17,20200613,PR,5690,,,117.0,,4.0,,3.0,,,C,6/13/2020 06:30,2020-06-13T06:30:00Z,06/13 02:30,146.0,,2020-06-13T06:30:00Z,61515.0,,,1460.0,72,154,0,5690,5690,154,5690,0,0,3c5e65868db02ecaebc3c26fc0af37d2e12b36e5,0,0,0,0,0,
18,20200612,PR,5536,,,92.0,,7.0,,4.0,,,C,6/12/2020 06:30,2020-06-12T06:30:00Z,06/12 02:30,146.0,,2020-06-12T06:30:00Z,61515.0,,,1443.0,72,184,0,5536,5536,184,5536,2,0,d4e034ad073ebd0e6736f7ddf2c1670cc177b786,0,0,0,0,0,
19,20200611,PR,5352,,,91.0,,7.0,,4.0,,,C,6/11/2020 06:30,2020-06-11T06:30:00Z,06/11 02:30,144.0,,2020-06-11T06:30:00Z,61515.0,,,1403.0,72,23,0,5352,5352,23,5352,1,0,0c3e80cf734fc54710070079e42506007c4e1469,0,0,0,0,0,
20,20200610,PR,5329,,,97.0,,8.0,,5.0,,,C,6/10/2020 06:30,2020-06-10T06:30:00Z,06/10 02:30,143.0,,2020-06-10T06:30:00Z,61515.0,,,1402.0,72,144,0,5329,5329,144,5329,1,0,1c99436d20e54f5e113ddbf5b275355487dc50a3,0,0,0,0,0,
21,20200609,PR,5185,,,95.0,,9.0,,6.0,,,B,6/9/2020 06:30,2020-06-09T06:30:00Z,06/09 02:30,142.0,,2020-06-09T06:30:00Z,61515.0,,,1386.0,72,139,0,5185,5185,139,5185,0,0,cc81d0a835f1d2143a14ca5a57771d7f2e2584f2,0,0,0,0,0,
22,20200608,PR,5046,,,107.0,,8.0,,7.0,,,B,6/8/2020 05:52,2020-06-08T05:52:00Z,06/08 01:52,142.0,,2020-06-08T05:52:00Z,61515.0,,,1373.0,72,61,0,5046,5046,61,5046,0,0,51a522da5dc89b1d835e897a886893b2a17ff891,0,0,0,0,0,
23,20200607,PR,4985,,,105.0,,6.0,,7.0,,,B,6/7/2020 05:58,2020-06-07T05:58:00Z,06/07 01:58,142.0,,2020-06-07T05:58:00Z,61515.0,,,1364.0,72,70,0,4985,4985,70,4985,0,0,bd9d67ad86ce947704d446ba9ae5a5c7642b99af,0,0,0,0,0,
24,20200606,PR,4915,,,100.0,,7.0,,4.0,,,B,6/6/2020 05:51,2020-06-06T05:51:00Z,06/06 01:51,142.0,,2020-06-06T05:51:00Z,61515.0,,,1360.0,72,295,0,4915,4915,295,4915,1,0,2ad3005b1e6951b76ad4015cbc5d1af7cbf85abf,0,0,0,0,0,
25,20200605,PR,4620,,,116.0,,9.0,,7.0,,,B,6/5/2020 05:51,2020-06-05T05:51:00Z,06/05 01:51,141.0,,2020-06-05T05:51:00Z,61515.0,,,1330.0,72,112,0,4620,4620,112,4620,1,0,272113ef7d54dd0a32e1f880abbed5f537c16b22,0,0,0,0,0,
26,20200604,PR,4508,,,114.0,,15.0,,9.0,,,B,6/4/2020 05:57,2020-06-04T05:57:00Z,06/04 01:57,140.0,,2020-06-04T05:57:00Z,61515.0,,,1322.0,72,485,0,4508,4508,485,4508,0,0,15f15d03e49a5423bbac2cde3b163495cbde05f1,0,0,0,0,0,
27,20200603,PR,4023,,,107.0,,12.0,,7.0,,,B,6/3/2020 05:53,2020-06-03T05:53:00Z,06/03 01:53,140.0,,2020-06-03T05:53:00Z,61515.0,,,1313.0,72,88,0,4023,4023,88,4023,2,0,bce808890e06fdb38ce54f4a67d49582bb983a6e,0,0,0,0,0,
28,20200602,PR,3935,,,106.0,,17.0,,10.0,,,B,6/2/2020 05:51,2020-06-02T05:51:00Z,06/02 01:51,138.0,,2020-06-02T05:51:00Z,61515.0,,,1305.0,72,62,0,3935,3935,62,3935,2,0,d92fe31ed0de75eaefe4d0bf11912562fafe462c,0,0,0,0,0,
29,20200601,PR,3873,,,99.0,,9.0,,4.0,,,B,6/1/2020 02:51,2020-06-01T02:51:00Z,05/31 22:51,136.0,,2020-06-01T02:51:00Z,61515.0,,,1304.0,72,97,0,3873,3873,97,3873,0,0,ec743af387abde502d62877ededf85f05177d246,0,0,0,0,0,
30,20200531,PR,3776,,,99.0,,9.0,,1.0,,,B,5/31/2020 04:51,2020-05-31T04:51:00Z,05/31 00:51,136.0,,2020-05-31T04:51:00Z,61515.0,,,1304.0,72,58,0,3776,3776,58,3776,3,0,b679986f52b4b85810fa504b71bd762f0728e42d,0,0,0,0,0,
31,20200530,PR,3718,,,106.0,,6.0,,5.0,,,B,5/30/2020 04:51,2020-05-30T04:51:00Z,05/30 00:51,133.0,,2020-05-30T04:51:00Z,61515.0,,,1300.0,72,71,0,3718,3718,71,3718,1,0,82ebc7b029547439a66345b4d45dc6cd5d112281,0,0,0,0,0,
32,20200529,PR,3647,,,101.0,,12.0,,5.0,,,B,5/29/2020 05:51,2020-05-29T05:51:00Z,05/29 01:51,132.0,,2020-05-29T05:51:00Z,61515.0,,,1293.0,72,161,0,3647,3647,161,3647,1,0,d80710271c7b8b9a04a7fb1f63a6d62f56773629,0,0,0,0,0,
33,20200528,PR,3486,,,120.0,,12.0,,5.0,,,B,5/28/2020 06:30,2020-05-28T06:30:00Z,05/28 02:30,131.0,,2020-05-28T06:30:00Z,61515.0,,,1280.0,72,89,0,3486,3486,89,3486,2,0,374cadeef25cb05c23a605496664316afc626e66,0,0,0,0,0,
34,20200527,PR,3397,,,105.0,,8.0,,4.0,,,B,5/27/2020 06:30,2020-05-27T06:30:00Z,05/27 02:30,129.0,,2020-05-27T06:30:00Z,61515.0,,,1260.0,72,73,0,3397,3397,73,3397,0,0,30c568a2471eea534935362e59ec37d5622da57b,0,0,0,0,0,
35,20200526,PR,3324,,,104.0,,14.0,,4.0,,,B,5/26/2020 05:53,2020-05-26T05:53:00Z,05/26 01:53,129.0,,2020-05-26T05:53:00Z,61515.0,,,1241.0,72,64,0,3324,3324,64,3324,0,0,9db9ba5e9af368cdb6b2ca93e31a0528c8e34a53,0,0,0,0,0,
36,20200525,PR,3260,,,112.0,,16.0,,8.0,,,B,5/25/2020 06:30,2020-05-25T06:30:00Z,05/25 02:30,129.0,,2020-05-25T06:30:00Z,61515.0,,,1240.0,72,71,0,3260,3260,71,3260,2,0,a4176c59bef2eb04678626bb96fd2f73425cba0b,0,0,0,0,0,
37,20200524,PR,3189,,,106.0,,13.0,,7.0,,,B,5/24/2020 06:30,2020-05-24T06:30:00Z,05/24 02:30,127.0,,2020-05-24T06:30:00Z,61515.0,,,1230.0,72,89,0,3189,3189,89,3189,0,0,8caffe73ec8c57d12975b7046f6b20773293f7c1,0,0,0,0,0,
38,20200523,PR,3100,,,106.0,,14.0,,5.0,,,B,5/23/2020 06:30,2020-05-23T06:30:00Z,05/23 02:30,127.0,,2020-05-23T06:30:00Z,61515.0,,,1870.0,72,70,0,3100,3100,70,3100,1,0,2f10c936d874341989285958749adc0bc3a8da35,0,0,0,0,0,
39,20200522,PR,3030,,,96.0,,12.0,,6.0,,,B,5/22/2020 05:51,2020-05-22T05:51:00Z,05/22 01:51,126.0,,2020-05-22T05:51:00Z,61515.0,,,1221.0,72,117,0,3030,3030,117,3030,0,0,003bd43d1359b5b74db89fc709a361da0270882a,0,0,0,0,0,
40,20200521,PR,2913,,,,,13.0,,7.0,,,C,5/21/2020 05:54,2020-05-21T05:54:00Z,05/21 01:54,126.0,,2020-05-21T05:54:00Z,61515.0,,,1213.0,72,47,0,2913,2913,47,2913,1,0,76dd7c28dc902d87eb5f3c69942d17805fe419c6,0,0,0,0,0,
41,20200520,PR,2866,,,,,20.0,,5.0,,,C,5/20/2020 06:30,2020-05-20T06:30:00Z,05/20 02:30,125.0,,2020-05-20T06:30:00Z,61515.0,,,1206.0,72,61,0,2866,2866,61,2866,1,0,a09373488b8fc9fce494d67c5c40b63750a6a3c1,0,0,0,0,0,
42,20200519,PR,2805,,,,,20.0,,8.0,,,C,5/19/2020 05:52,2020-05-19T05:52:00Z,05/19 01:52,124.0,,2020-05-19T05:52:00Z,61515.0,,,1207.0,72,95,0,2805,2805,95,2805,0,0,e62ab7200c7db4d0b57c28cb7f4d678ff8cb9d46,0,0,0,0,0,
43,20200518,PR,2710,,,,,17.0,,4.0,,,C,5/18/2020 06:30,2020-05-18T06:30:00Z,05/18 02:30,124.0,,2020-05-18T06:30:00Z,61515.0,,,2710.0,72,64,0,2710,2710,64,2710,1,0,3e955a89f98c8c5919fe3f620c3c7dc2c16e7cdc,0,0,0,0,0,
44,20200517,PR,2646,,,,,24.0,,5.0,,,C,5/17/2020 05:51,2020-05-17T05:51:00Z,05/17 01:51,123.0,,2020-05-17T05:51:00Z,,,,1147.0,72,57,0,2646,2646,57,2646,1,0,007d978d0089f7bfd1a4c7e10cfc6bb1e1f4ed93,0,0,0,0,0,
45,20200516,PR,2589,,,161.0,,15.0,,5.0,,,B,5/16/2020 04:59,2020-05-16T04:59:00Z,05/16 00:59,122.0,,2020-05-16T04:59:00Z,,,,1114.0,72,47,0,2589,2589,47,2589,0,0,7007d978f922d4d8a59fd1ca03f48ed06be83b58,0,0,0,0,0,
46,20200515,PR,2542,,,147.0,,18.0,,3.0,,,B,5/15/2020 05:51,2020-05-15T05:51:00Z,05/15 01:51,122.0,,2020-05-15T05:51:00Z,,,,1088.0,72,115,0,2542,2542,115,2542,5,0,46f64c2e91efea664980fd66b543e586eb7822d9,0,0,0,0,0,
47,20200514,PR,2427,,,159.0,,18.0,,5.0,,,B,5/14/2020 06:30,2020-05-14T06:30:00Z,05/14 02:30,117.0,,2020-05-14T06:30:00Z,,,,1073.0,72,98,0,2427,2427,98,2427,2,0,49b4505d040e7270d016a27d38d0af8083398461,0,0,0,0,0,
48,20200513,PR,2329,,,,,10.0,,6.0,,,C,5/12/2020 06:30,2020-05-12T06:30:00Z,05/12 02:30,115.0,,2020-05-12T06:30:00Z,,,,1064.0,72,30,0,2329,2329,30,2329,1,0,22425944412ebc20002ced2105fda2a9d867dd63,0,0,0,0,0,
49,20200512,PR,2299,,,,,,,,,,C,5/12/2020 06:30,2020-05-12T06:30:00Z,05/12 02:30,114.0,,2020-05-12T06:30:00Z,,,,1062.0,72,43,0,2299,2299,43,2299,1,0,7632fa138f1952ee61086c149f9862537e4f3702,0,0,0,0,0,
50,20200511,PR,2256,,,,,,,,,,D,5/11/2020 05:57,2020-05-11T05:57:00Z,05/11 01:57,113.0,,2020-05-11T05:57:00Z,,,,1054.0,72,58,0,2256,2256,58,2256,2,0,fa49ce28a8f6b14fd78d16525b7358ea121436e8,0,0,0,0,0,
51,20200510,PR,2198,,,,,,,,,,D,5/10/2020 05:51,2020-05-10T05:51:00Z,05/10 01:51,111.0,,2020-05-10T05:51:00Z,,,,1040.0,72,25,0,2198,2198,25,2198,3,0,46360bee1a75ae73e08a93dd09f0b782df3d6752,0,0,0,0,0,
52,20200509,PR,2173,,,161.0,,,,7.0,,,C,5/9/2020 05:51,2020-05-09T05:51:00Z,05/09 01:51,108.0,,2020-05-09T05:51:00Z,,,,1034.0,72,17,0,2173,2173,17,2173,1,0,74303b5334e2bbb28fdb5e7aa732970c460f2e53,0,0,0,0,0,
53,20200508,PR,2156,,,161.0,,,,10.0,,,C,5/8/2020 06:00,2020-05-08T06:00:00Z,05/08 02:00,107.0,,2020-05-08T06:00:00Z,,,,1029.0,72,125,0,2156,2156,125,2156,5,0,057fe46ef45c7642e983aa68dee3db9cca8a2300,0,0,0,0,0,
54,20200507,PR,2031,,,,,,,,,,D,5/7/2020 06:00,2020-05-07T06:00:00Z,05/07 02:00,102.0,,2020-05-07T06:00:00Z,,,,1013.0,72,63,0,2031,2031,63,2031,3,0,cdb8ecb11a615698ca8c85f86d3e5fbfbfdae95f,0,0,0,0,0,
55,20200506,PR,1968,,,,,,,,,,D,5/6/2020 06:00,2020-05-06T06:00:00Z,05/06 02:00,99.0,,2020-05-06T06:00:00Z,,,,1006.0,72,44,-9313,1968,1968,-9269,1968,0,0,0335a6d4068f617c24fd8612b3bd4701ceef52d1,0,0,0,0,0,
56,20200505,PR,1924,9313.0,,,,,,,,,D,5/5/2020 06:00,2020-05-05T06:00:00Z,05/05 02:00,99.0,,2020-05-05T06:00:00Z,,,,1005.0,72,81,0,11237,11237,81,11237,2,0,c237b446cd22ce0cc5f3f9cd3201ea4f1cb398ab,0,0,0,0,0,
57,20200504,PR,1843,9313.0,,,,,,,,,D,5/4/2020 06:00,2020-05-04T06:00:00Z,05/04 02:00,97.0,,2020-05-04T06:00:00Z,,,,1001.0,72,35,0,11156,11156,35,11156,0,0,1643ec1a14d3355fc7262be5b1ae85284cc68357,0,0,0,0,0,
58,20200503,PR,1808,9313.0,,,,,,,,,D,5/3/2020 06:00,2020-05-03T06:00:00Z,05/03 02:00,97.0,,2020-05-03T06:00:00Z,,,,988.0,72,51,0,11121,11121,51,11121,2,0,8f91d481e106732fb737e9e36833b203ccef979e,0,0,0,0,0,
59,20200502,PR,1757,9313.0,,,,,,,,,D,5/2/2020 06:00,2020-05-02T06:00:00Z,05/02 02:00,95.0,,2020-05-02T06:00:00Z,,,,973.0,72,182,0,11070,11070,182,11070,3,0,3430ca4e551f580e9e2d677a3df1468d40a0a0ae,0,0,0,0,0,
60,20200501,PR,1575,9313.0,,,,,,,,,D,5/1/2020 06:00,2020-05-01T06:00:00Z,05/01 02:00,92.0,,2020-05-01T06:00:00Z,,,,964.0,72,36,0,10888,10888,36,10888,0,0,2bc4ecf2d3620445b5871847c83cdf6587ccd761,0,0,0,0,0,
61,20200430,PR,1539,9313.0,,,,,,,,,D,4/30/2020 06:00,2020-04-30T06:00:00Z,04/30 02:00,92.0,,2020-04-30T06:00:00Z,,,,955.0,72,106,0,10852,10852,106,10852,6,0,338f4b95b979959af428131648dcaac3b1865cbd,0,0,0,0,0,
62,20200429,PR,1433,9313.0,1940.0,,,,,,,,D,4/29/2020 06:00,2020-04-29T06:00:00Z,04/29 02:00,86.0,,2020-04-29T06:00:00Z,,,,904.0,72,33,0,12686,10746,33,10746,0,0,8fff690c78457e20252e7ed7b5544438df1e0f95,0,0,0,0,0,
63,20200428,PR,1400,9313.0,1940.0,,,,,,,,D,4/28/2020 06:30,2020-04-28T06:30:00Z,04/28 02:30,86.0,,2020-04-28T06:30:00Z,,,,,72,11,0,12653,10713,11,10713,2,0,0b5fc5e114a808ecd3cd9ef233130c13c8a84b92,0,0,0,0,0,
64,20200427,PR,1389,9313.0,1940.0,,,,,,,,D,4/27/2020 06:00,2020-04-27T06:00:00Z,04/27 02:00,84.0,,2020-04-27T06:00:00Z,,,,,72,18,0,12642,10702,18,10702,0,0,31faa1ab85190805c15634fb4786aa1abad87047,0,0,0,0,0,
65,20200426,PR,1371,9313.0,1940.0,,,,,,,,D,4/26/2020 06:00,2020-04-26T06:00:00Z,04/26 02:00,84.0,,2020-04-26T06:00:00Z,,,,,72,64,0,12624,10684,64,10684,1,0,3a5af0199642ad4bf202350f1941184a828b5640,0,0,0,0,0,
66,20200425,PR,1307,9313.0,1940.0,,,,,,,,D,4/25/2020 06:30,2020-04-25T06:30:00Z,04/25 02:30,83.0,,2020-04-25T06:30:00Z,,,,,72,31,0,12560,10620,31,10620,6,0,10a594c5486c409f8f4927a407ccffca054411ca,0,0,0,0,0,
67,20200424,PR,1276,9313.0,1940.0,,,,,,,,A,4/24/2020 06:30,2020-04-24T06:30:00Z,04/24 02:30,77.0,,2020-04-24T06:30:00Z,,,,,72,361,0,12529,10589,361,10589,8,0,5744c683175f54c2026ba1b4b3c3946f069a07a9,0,0,0,0,0,
68,20200423,PR,915,9313.0,1951.0,,,,,,,,A,4/23/2020 06:20,2020-04-23T06:20:00Z,04/23 02:20,69.0,,2020-04-23T06:20:00Z,,,,,72,0,471,12179,10228,471,10228,2,0,e3917815ca501b494630ea8eae3e3682646cbe30,0,0,0,0,0,
69,20200422,PR,915,8842.0,1954.0,,,,,,,,A,4/22/2020 06:05,2020-04-22T06:05:00Z,04/22 02:05,67.0,,2020-04-22T06:05:00Z,,,,,72,-383,53,11711,9757,-330,9757,3,0,c5641e8d7cd73691c11a9b0f1ed2022dbbfa94be,0,0,0,0,0,
70,20200421,PR,1298,8789.0,1761.0,,,,,,,,A,4/21/2020 06:30,2020-04-21T06:30:00Z,04/21 02:30,64.0,,2020-04-21T06:30:00Z,,,,,72,46,303,11848,10087,349,10087,1,0,a84e1713bd9c7270b550fe90b0f9667e01ca1c38,0,0,0,0,0,
71,20200420,PR,1252,8486.0,1895.0,,,,,,,,A,4/20/2020 06:30,2020-04-20T06:30:00Z,04/20 02:30,63.0,,2020-04-20T06:30:00Z,,,,,72,39,206,11633,9738,245,9738,1,0,7b40d41f51cba5498fb86970921725b9541b31dd,0,0,0,0,0,
72,20200419,PR,1213,8280.0,1839.0,,,,,,,,A,4/19/2020 07:00,2020-04-19T07:00:00Z,04/19 03:00,62.0,,2020-04-19T07:00:00Z,,,,,72,95,225,11332,9493,320,9493,2,0,26b2c2329c5eceb77588a2344a718d2e317de4ba,0,0,0,0,0,
73,20200418,PR,1118,8055.0,1760.0,,,,,,,,A,4/18/2020 07:00,2020-04-18T07:00:00Z,04/18 03:00,60.0,,2020-04-18T07:00:00Z,,,,,72,50,191,10933,9173,241,9173,2,0,2ee0b3b23cbc89ec714b11e4626e5d452f365a3c,0,0,0,0,0,
74,20200417,PR,1068,7864.0,1478.0,,,,,,,,A,4/17/2020 06:00,2020-04-17T06:00:00Z,04/17 02:00,58.0,,2020-04-17T06:00:00Z,,,,,72,25,549,10410,8932,574,8932,2,0,efcc7f36fefb7463966b704e307195862124b92c,0,0,0,0,0,
75,20200416,PR,1043,7315.0,1465.0,,,,,,,,A,4/16/2020 07:00,2020-04-16T07:00:00Z,04/16 03:00,56.0,,2020-04-16T07:00:00Z,,,,,72,69,490,9823,8358,559,8358,5,0,30556d92115befa06b3359af2b4f206478203abc,0,0,0,0,0,
76,20200415,PR,974,6825.0,1410.0,,,,,,,,A,4/15/2020 07:00,2020-04-15T07:00:00Z,04/15 03:00,51.0,,2020-04-15T07:00:00Z,,,,,72,51,541,9209,7799,592,7799,6,0,64c0452086f0fda11e1c050493283784b1ff3bbe,0,0,0,0,0,
77,20200414,PR,923,6284.0,1322.0,,,,,,,,A,4/14/2020 07:00,2020-04-14T07:00:00Z,04/14 03:00,45.0,,2020-04-14T07:00:00Z,,,,,72,20,324,8529,7207,344,7207,0,0,0df45b78dfdbde97030aea55ecdff1a46fbebdf1,0,0,0,0,0,
78,20200413,PR,903,5960.0,1288.0,,,,,,,,A,4/13/2020 06:00,2020-04-13T06:00:00Z,04/13 02:00,45.0,,2020-04-13T06:00:00Z,,,,,72,6,141,8151,6863,147,6863,1,0,5f62e894831256083bad90cd9943bac6b4530707,0,0,0,0,0,
79,20200412,PR,897,5819.0,1251.0,,,,,,,,A,4/12/2020 07:00,2020-04-12T07:00:00Z,04/12 03:00,44.0,,2020-04-12T07:00:00Z,,,,,72,109,236,7967,6716,345,6716,2,0,1209b54c7cdef521d870455b05bdd8c156596ca7,0,0,0,0,0,
80,20200411,PR,788,5583.0,1332.0,,,,,,,,A,4/11/2020 07:00,2020-04-11T07:00:00Z,04/11 03:00,42.0,,2020-04-11T07:00:00Z,,,,,72,63,462,7703,6371,525,6371,3,0,d78fda800efa5649996e3bad6ad1a9c5c43a85fa,0,0,0,0,0,
81,20200410,PR,725,5121.0,1392.0,,,,,,,,A,4/10/2020 06:00,2020-04-10T06:00:00Z,04/10 02:00,39.0,,2020-04-10T06:00:00Z,,,,,72,42,418,7238,5846,460,5846,6,0,cf1dfc19c5ef499ee8253abf55bcf3eb12b7cfdc,0,0,0,0,0,
82,20200409,PR,683,4703.0,1304.0,,,,,,,,A,4/9/2020 07:00,2020-04-09T07:00:00Z,04/09 03:00,33.0,,2020-04-09T07:00:00Z,,,,,72,63,437,6690,5386,500,5386,9,0,c60a2d486774fcae5608d3c8c6e00d34e903d743,0,0,0,0,0,
83,20200408,PR,620,4266.0,1160.0,,,,,,,,A,4/8/2020 09:00,2020-04-08T09:00:00Z,04/08 05:00,24.0,,2020-04-08T09:00:00Z,,,,,72,47,300,6046,4886,347,4886,1,0,b76801a21d9cd122e0deb48d915c540004315f04,0,0,0,0,0,
84,20200407,PR,573,3966.0,968.0,,,,,,,,A,4/7/2020 07:00,2020-04-07T07:00:00Z,04/07 03:00,23.0,,2020-04-07T07:00:00Z,,,,,72,60,534,5507,4539,594,4539,2,0,9918229ad828828f3d98974ad430ba4ebb5ab792,0,0,0,0,0,
85,20200406,PR,513,3432.0,1000.0,,,,,,,,A,4/6/2020 07:00,2020-04-06T07:00:00Z,04/06 03:00,21.0,,2020-04-06T07:00:00Z,,,,,72,38,359,4945,3945,397,3945,1,0,6d5b23e27be12d9d00893d129dc8759e07724b02,0,0,0,0,0,
86,20200405,PR,475,3073.0,1039.0,,,,,,,,A,4/5/2020 07:00,2020-04-05T07:00:00Z,04/05 03:00,20.0,,2020-04-05T07:00:00Z,,,,,72,23,468,4587,3548,491,3548,2,0,dec8d28e9b9b3b84743a2720628752a242c507d0,0,0,0,0,0,
87,20200404,PR,452,2605.0,1129.0,,,,,,,,A,4/4/2020 07:00,2020-04-04T07:00:00Z,04/04 03:00,18.0,,2020-04-04T07:00:00Z,,,,,72,74,556,4186,3057,630,3057,3,0,136d6eb57524ec98c4645c66aae62593cf35412a,0,0,0,0,0,
88,20200403,PR,378,2049.0,1055.0,,,,,,,,A,4/3/2020 07:00,2020-04-03T07:00:00Z,04/03 03:00,15.0,,2020-04-03T07:00:00Z,,,,,72,62,445,3482,2427,507,2427,3,0,05932dc6dc08d51264801207a660ee0b5fca5438,0,0,0,0,0,
89,20200402,PR,316,1604.0,1119.0,,,,,,,,A,4/2/2020 07:00,2020-04-02T07:00:00Z,04/02 03:00,12.0,,2020-04-02T07:00:00Z,,,,,72,30,195,3039,1920,225,1920,1,0,b5649c9caba0b12fc1517e3af3d6cdb7331c1e73,0,0,0,0,0,
90,20200401,PR,286,1409.0,897.0,,,,,,,,A,4/1/2020 07:00,2020-04-01T07:00:00Z,04/01 03:00,11.0,,2020-04-01T07:00:00Z,,,,,72,47,214,2592,1695,261,1695,3,0,afe1825d53d92d7d5cb80b50f0a76f5dac7df487,0,0,0,0,0,
91,20200331,PR,239,1195.0,854.0,,,,,,,,A,3/30/2020 07:00,2020-03-30T07:00:00Z,03/30 03:00,8.0,,2020-03-30T07:00:00Z,,,,,72,65,264,2288,1434,329,1434,2,0,2f3d728831ecd2fa5d862fba9d0f311a395cad2f,0,0,0,0,0,
92,20200330,PR,174,931.0,794.0,,,,,,,,A,3/30/2020 07:00,2020-03-30T07:00:00Z,03/30 03:00,6.0,,2020-03-30T07:00:00Z,,,,,72,47,90,1899,1105,137,1105,1,0,0a4ef760e423adc35b4b32e6311c8d455775bd61,0,0,0,0,0,
93,20200329,PR,127,841.0,817.0,,,,,,,,A,3/29/2020 07:00,2020-03-29T07:00:00Z,03/29 03:00,5.0,,2020-03-29T07:00:00Z,,,,,72,27,102,1785,968,129,968,2,0,4d7d53101ea386a78db58627c66ec8334cff4e0d,0,0,0,0,0,
94,20200328,PR,100,739.0,792.0,,,,,,,,A,3/28/2020 07:00,2020-03-28T07:00:00Z,03/28 03:00,3.0,,2020-03-28T07:00:00Z,,,,,72,21,220,1631,839,241,839,0,0,77b22912e50ec8f4a962e4ed6271f412cd5f0898,0,0,0,0,0,
95,20200327,PR,79,519.0,334.0,,,,,,,,A,3/27/2020 07:00,2020-03-27T07:00:00Z,03/27 03:00,3.0,,2020-03-27T07:00:00Z,,,,,72,15,142,932,598,157,598,1,0,6a83b44019e8cc7cbf3cd149d4e0240ae7be6f4d,0,0,0,0,0,
96,20200326,PR,64,377.0,335.0,,,,,,,,A,3/26/2020 07:00,2020-03-26T07:00:00Z,03/26 03:00,2.0,,2020-03-26T07:00:00Z,,,,,72,13,60,776,441,73,441,0,0,50ee537ca54eecff839cde4f6508d38c2e14e311,0,0,0,0,0,
97,20200325,PR,51,317.0,70.0,,,,,,,,A,3/25/2020 07:00,2020-03-25T07:00:00Z,03/25 03:00,2.0,,2020-03-25T07:00:00Z,,,,,72,12,49,438,368,61,368,0,0,125b7e2a2c613c0a529c254de037f216685d4a04,0,0,0,0,0,
98,20200324,PR,39,268.0,42.0,,,,,,,,A,3/23/2020 07:00,2020-03-23T07:00:00Z,03/23 03:00,2.0,,2020-03-23T07:00:00Z,,,,,72,8,79,349,307,87,307,0,0,0a0330bec64fa4ddd1c7d3a0333755a822b17f76,0,0,0,0,0,
99,20200323,PR,31,189.0,35.0,,,,,,,,A,3/23/2020 07:00,2020-03-23T07:00:00Z,03/23 03:00,2.0,,2020-03-23T07:00:00Z,,,,,72,8,6,255,220,14,220,1,0,559b73a38ba59a79e79eb8612aa3a763be273bf3,0,0,0,0,0,
100,20200322,PR,23,183.0,69.0,,,,,,,,,3/22/2020 07:00,2020-03-22T07:00:00Z,03/22 03:00,1.0,,2020-03-22T07:00:00Z,,,,,72,2,40,275,206,42,206,1,0,f33912c6381a0c952adcead7b1ab1ff3de86a801,0,0,0,0,0,
101,20200321,PR,21,143.0,71.0,,,,,,,,,3/21/2020 13:00,2020-03-21T13:00:00Z,03/21 09:00,,,2020-03-21T13:00:00Z,,,,,72,7,29,235,164,36,164,0,0,85b5999eb10463791f59ef6ee13491a1e6900ea2,0,0,0,0,0,
102,20200320,PR,14,114.0,52.0,,,,,,,,,3/20/2020 13:00,2020-03-20T13:00:00Z,03/20 09:00,,,2020-03-20T13:00:00Z,,,,,72,9,58,180,128,67,128,0,0,d2dcef0cc95ab5e4b1b724e42b61870a641915a7,0,0,0,0,0,
103,20200319,PR,5,56.0,29.0,,,,,,,,,3/19/2020 07:50,2020-03-19T07:50:00Z,03/19 03:50,,,2020-03-19T07:50:00Z,,,,,72,0,25,90,61,25,61,0,0,5ade4710ae08c2f0b999b33fc3d13148ee47341b,0,0,0,0,0,
104,20200318,PR,5,31.0,21.0,,,,,,,,,3/17/2020 22:00,2020-03-17T22:00:00Z,03/17 18:00,,,2020-03-17T22:00:00Z,,,,,72,0,18,57,36,18,36,0,0,2e14dbacea2b5fffa97b5dabbbec975f24925a55,0,0,0,0,0,
105,20200317,PR,5,13.0,4.0,,,,,,,,,3/17/2020 15:41,2020-03-17T15:41:00Z,03/17 11:41,,,2020-03-17T15:41:00Z,,,,,72,0,4,22,18,4,18,0,0,f3c13619198d596839a0e41a156cf8a37bd47df2,0,0,0,0,0,
106,20200316,PR,5,9.0,,,,,,,,,,3/16/2020 15:44,2020-03-16T15:44:00Z,03/16 11:44,,,2020-03-16T15:44:00Z,,,,,72,0,0,14,14,0,14,0,0,faecb555014ea2475281d3c7cdd657d6cac06f29,0,0,0,0,0,
