,date,state,positive,negative,pending,hospitalizedCurrently,hospitalizedCumulative,inIcuCurrently,inIcuCumulative,onVentilatorCurrently,onVentilatorCumulative,recovered,dataQualityGrade,lastUpdateEt,dateModified,checkTimeEt,death,hospitalized,dateChecked,totalTestsViral,positiveTestsViral,negativeTestsViral,positiveCasesViral,deathConfirmed,deathProbable,totalTestEncountersViral,totalTestsPeopleViral,totalTestsAntibody,positiveTestsAntibody,negativeTestsAntibody,totalTestsPeopleAntibody,positiveTestsPeopleAntibody,negativeTestsPeopleAntibody,totalTestsPeopleAntigen,positiveTestsPeopleAntigen,totalTestsAntigen,positiveTestsAntigen,fips,positiveIncrease,negativeIncrease,total,totalTestResults,totalTestResultsIncrease,posNeg,deathIncrease,hospitalizedIncrease,hash,commercialScore,negativeRegularScore,negativeScore,positiveScore,score,grade
0,20200813,WY,3119,56452.0,,14.0,189.0,,,,,2601.0,B,8/13/2020 17:51,2020-08-13T17:51:00Z,08/13 13:51,30.0,189.0,2020-08-13T17:51:00Z,85285.0,2643.0,82641.0,2627.0,,,,59079.0,,,,,,,,,,,56,33,207,59571,59571,240,59571,1,2,5785a50c29995b4b2c2578a5559f0b6456d33393,0,0,0,0,0,
1,20200812,WY,3086,56245.0,,15.0,187.0,,,,,2577.0,B,8/12/2020 18:05,2020-08-12T18:05:00Z,08/12 14:05,29.0,187.0,2020-08-12T18:05:00Z,84929.0,2632.0,82296.0,2600.0,,,,58845.0,,,,,,,,,,,56,13,466,59331,59331,479,59331,0,4,14ef5b8b0cd284e940d7da5935198437de43b04c,0,0,0,0,0,
2,20200811,WY,3073,55779.0,,15.0,183.0,,,,,2541.0,B,8/11/2020 18:39,2020-08-11T18:39:00Z,08/11 14:39,29.0,183.0,2020-08-11T18:39:00Z,84264.0,2612.0,81651.0,2584.0,,,,58363.0,,,,,,,,,,,56,31,1139,58852,58852,1170,58852,1,4,0c3b95255115d10d1f30ae668f253f578885af4f,0,0,0,0,0,
3,20200810,WY,3042,54640.0,,15.0,179.0,,,,,2483.0,B,8/10/2020 17:39,2020-08-10T17:39:00Z,08/10 13:39,28.0,179.0,2020-08-10T17:39:00Z,82445.0,2638.0,79806.0,2565.0,,,,57205.0,,,,,,,,,,,56,-8,1015,57682,57682,1007,57682,0,2,7f51584232d76a3d14d3ce3266b93b6e50f1add0,0,0,0,0,0,
4,20200809,WY,3050,53625.0,,17.0,177.0,,,,,2465.0,B,8/9/2020 11:46,2020-08-09T11:46:00Z,08/09 07:46,28.0,177.0,2020-08-09T11:46:00Z,80681.0,2581.0,78099.0,2533.0,,,,56115.0,,,,,,,,,,,56,37,0,56675,56675,37,56675,0,0,021f5495e9bd79bc162ceac8420c0d5bca6f6f26,0,0,0,0,0,
5,20200808,WY,3013,53625.0,,17.0,177.0,,,,,2462.0,B,8/8/2020 12:22,2020-08-08T12:22:00Z,08/08 08:22,28.0,177.0,2020-08-08T12:22:00Z,80681.0,2581.0,78099.0,2498.0,,,,56115.0,,,,,,,,,,,56,13,0,56638,56638,13,56638,0,1,1b3b86ced9b1fd0bac9e0e9c64d381da89e2f760,0,0,0,0,0,
6,20200807,WY,3000,53625.0,,17.0,176.0,,,,,2420.0,B,8/7/2020 17:53,2020-08-07T17:53:00Z,08/07 13:53,28.0,176.0,2020-08-07T17:53:00Z,80681.0,2581.0,78099.0,2490.0,,,,56115.0,,,,,,,,,,,56,42,475,56625,56625,517,56625,1,5,6f3194cdffe746d2f8b9bc3e9e530ef6c68d6163,0,0,0,0,0,
7,20200806,WY,2958,53150.0,,16.0,171.0,,,,,2366.0,B,8/6/2020 17:00,2020-08-06T17:00:00Z,08/06 13:00,27.0,171.0,2020-08-06T17:00:00Z,79982.0,2559.0,77422.0,2449.0,,,,55599.0,,,,,,,,,,,56,35,359,56108,56108,394,56108,0,2,ce52675acebb24d724a120d650cdaa0b78b21bd4,0,0,0,0,0,
8,20200805,WY,2923,52791.0,,16.0,169.0,,,,,2323.0,B,8/5/2020 16:45,2020-08-05T16:45:00Z,08/05 12:45,27.0,169.0,2020-08-05T16:45:00Z,79405.0,2540.0,76864.0,2424.0,,,,55215.0,,,,,,,,,,,56,39,432,55714,55714,471,55714,0,0,5d929f5efe6f8e3866073c1e8fac5ca2bd4709b5,0,0,0,0,0,
9,20200804,WY,2884,52359.0,,17.0,169.0,,,,,2284.0,B,8/4/2020 17:26,2020-08-04T17:26:00Z,08/04 13:26,27.0,169.0,2020-08-04T17:26:00Z,78634.0,2516.0,76117.0,2392.0,,,,54751.0,,,,,,,,,,,56,36,327,55243,55243,363,55243,0,2,6737fcb067bce805af5031afbecfb8d501a66f22,0,0,0,0,0,
10,20200803,WY,2848,52032.0,,19.0,167.0,,,,,2214.0,B,8/3/2020 16:25,2020-08-03T16:25:00Z,08/03 12:25,27.0,167.0,2020-08-03T16:25:00Z,78011.0,2418.0,75592.0,2364.0,,,,54396.0,,,,,,,,,,,56,40,1459,54880,54880,1499,54880,1,0,b467fbc7f470f1daf9f5a3bcb5b17071aed0aeef,0,0,0,0,0,
11,20200802,WY,2808,50573.0,,18.0,167.0,,,,,2173.0,B,8/2/2020 12:28,2020-08-02T12:28:00Z,08/02 08:28,26.0,167.0,2020-08-02T12:28:00Z,75767.0,2348.0,73418.0,2333.0,,,,52827.0,,,,,,,,,,,56,39,0,53381,53381,39,53381,0,0,8b93c1f5b4695ccbc4875bb588f64c785d3e1420,0,0,0,0,0,
12,20200801,WY,2769,50573.0,,18.0,167.0,,,,,2153.0,B,8/1/2020 12:06,2020-08-01T12:06:00Z,08/01 08:06,26.0,167.0,2020-08-01T12:06:00Z,75767.0,2348.0,73418.0,2297.0,,,,52827.0,,,,,,,,,,,56,43,0,53342,53342,43,53342,0,1,16c906aae1cbb246232c56e655758fe8b6bb581a,0,0,0,0,0,
13,20200731,WY,2726,50573.0,,18.0,166.0,,,,,2123.0,B,7/31/2020 17:26,2020-07-31T17:26:00Z,07/31 13:26,26.0,166.0,2020-07-31T17:26:00Z,75767.0,2348.0,73418.0,2254.0,,,,52827.0,,,,,,,,,,,56,40,618,53299,53299,658,53299,0,0,08b68a9ba3a597f6c473f688a6f0786977ec8bd5,0,0,0,0,0,
14,20200730,WY,2686,49955.0,,18.0,166.0,,,,,2065.0,B,7/30/2020 16:47,2020-07-30T16:47:00Z,07/30 12:47,26.0,166.0,2020-07-30T16:47:00Z,74891.0,2321.0,72569.0,2217.0,,,,52172.0,,,,,,,,,,,56,58,571,52641,52641,629,52641,0,1,250b06b42b978cceb602fdce24fb440176f992da,0,0,0,0,0,
15,20200729,WY,2628,49384.0,,16.0,165.0,,,,,2022.0,B,7/29/2020 16:32,2020-07-29T16:32:00Z,07/29 12:32,26.0,165.0,2020-07-29T16:32:00Z,73724.0,2285.0,71438.0,2172.0,,,,51556.0,,,,,,,,,,,56,39,1193,52012,52012,1232,52012,0,3,e7ce608aa68d44c6cb808d75a2f1d77e8324dd6a,0,0,0,0,0,
16,20200728,WY,2589,48191.0,,15.0,162.0,,,,,1970.0,B,7/28/2020 17:39,2020-07-28T17:39:00Z,07/28 13:39,26.0,162.0,2020-07-28T17:39:00Z,71866.0,2155.0,69710.0,2136.0,,,,50327.0,,,,,,,,,,,56,69,2368,50780,50780,2437,50780,1,4,bc49a5e5ea344f10f51d19c7b2cc67d8986c1e65,0,0,0,0,0,
17,20200727,WY,2520,45823.0,,17.0,158.0,,,,,1915.0,B,7/27/2020 16:45,2020-07-27T16:45:00Z,07/27 12:45,25.0,158.0,2020-07-27T16:45:00Z,67700.0,2031.0,65669.0,2072.0,,,,47745.0,,,,,,,,,,,56,45,0,48343,48343,45,48343,0,0,a6a3c88fdc3ce98da1b51f1ae688900369bea424,0,0,0,0,0,
18,20200726,WY,2475,45823.0,,14.0,158.0,,,,,1883.0,B,7/26/2020 11:37,2020-07-26T11:37:00Z,07/26 07:37,25.0,158.0,2020-07-26T11:37:00Z,67700.0,2031.0,65669.0,2029.0,,,,47745.0,,,,,,,,,,,56,29,0,48298,48298,29,48298,0,0,9b01ec7882a237461efae3f71d05db1a7a297088,0,0,0,0,0,
19,20200725,WY,2446,45823.0,,14.0,158.0,,,,,1866.0,B,7/25/2020 11:36,2020-07-25T11:36:00Z,07/25 07:36,25.0,158.0,2020-07-25T11:36:00Z,67700.0,2031.0,65669.0,2008.0,,,,47745.0,,,,,,,,,,,56,41,0,48269,48269,41,48269,0,3,1aa3e842cc5189d77aee1c7a1ad819ed4a1a15e9,0,0,0,0,0,
20,20200724,WY,2405,45823.0,,14.0,155.0,,,,,1857.0,B,7/24/2020 18:18,2020-07-24T18:18:00Z,07/24 14:18,25.0,155.0,2020-07-24T18:18:00Z,67700.0,2031.0,65669.0,1972.0,,,,47745.0,,,,,,,,,,,56,59,0,48228,48228,59,48228,0,2,b59d880afc188299d804885dd5dd9dad13549d99,0,0,0,0,0,
21,20200723,WY,2346,45823.0,,15.0,153.0,,,,,1794.0,B,7/23/2020 17:37,2020-07-23T17:37:00Z,07/23 13:37,25.0,153.0,2020-07-23T17:37:00Z,67700.0,2031.0,65669.0,1922.0,,,,47745.0,,,,,,,,,,,56,58,3896,48169,48169,3954,48169,0,1,47d6c8f5b457af940993c15472e4db3bee44ab63,0,0,0,0,0,
22,20200722,WY,2288,41927.0,,13.0,152.0,,,,,1745.0,B,7/22/2020 18:02,2020-07-22T18:02:00Z,07/22 14:02,25.0,152.0,2020-07-22T18:02:00Z,61032.0,1769.0,59262.0,1864.0,,,,43605.0,,,,,,,,,,,56,50,0,44215,44215,50,44215,0,6,49fa4e4541be40b464e14b3054ec9ee716b9ccc8,0,0,0,0,0,
23,20200721,WY,2238,41927.0,,13.0,146.0,,,,,1694.0,B,7/21/2020 17:55,2020-07-21T17:55:00Z,07/21 13:55,25.0,146.0,2020-07-21T17:55:00Z,61032.0,1769.0,59262.0,1830.0,,,,43605.0,,,,,,,,,,,56,51,0,44165,44165,51,44165,1,2,c77044be412bdaf8d16c2ea2b4fe1f5e226e954d,0,0,0,0,0,
24,20200720,WY,2187,41927.0,,13.0,144.0,,,,,1652.0,B,7/20/2020 17:57,2020-07-20T17:57:00Z,07/20 13:57,24.0,144.0,2020-07-20T17:57:00Z,61032.0,1769.0,59262.0,1790.0,,,,43605.0,,,,,,,,,,,56,61,0,44114,44114,61,44114,0,1,178a212b597916a3b77e0d8cb4108acc06ad8356,0,0,0,0,0,
25,20200719,WY,2126,41927.0,,17.0,143.0,,,,,1615.0,B,7/19/2020 14:29,2020-07-19T14:29:00Z,07/19 10:29,24.0,143.0,2020-07-19T14:29:00Z,61032.0,1769.0,59262.0,1728.0,,,,43605.0,,,,,,,,,,,56,18,0,44053,44053,18,44053,0,1,03705bcccc5bf2488478657672ed4d16377ca2d3,0,0,0,0,0,
26,20200718,WY,2108,41927.0,,16.0,142.0,,,,,1611.0,B,7/18/2020 12:02,2020-07-18T12:02:00Z,07/18 08:02,24.0,142.0,2020-07-18T12:02:00Z,61032.0,1769.0,59262.0,1713.0,,,,43605.0,,,,,,,,,,,56,39,0,44035,44035,39,44035,0,2,550a85eb5f9a76474d1b7e49fa05b8b759548610,0,0,0,0,0,
27,20200717,WY,2069,41927.0,,19.0,140.0,,,,,1590.0,B,7/17/2020 17:49,2020-07-17T17:49:00Z,07/17 13:49,24.0,140.0,2020-07-17T17:49:00Z,61032.0,1769.0,59262.0,1678.0,,,,43605.0,,,,,,,,,,,56,43,501,43996,43996,544,43996,0,9,60fcb4b048acbc7eae54c05ca00c3b4847576495,0,0,0,0,0,
28,20200716,WY,2026,41426.0,,18.0,131.0,,,,,1540.0,B,7/16/2020 17:23,2020-07-16T17:23:00Z,07/16 13:23,24.0,131.0,2020-07-16T17:23:00Z,60203.0,1745.0,58457.0,1644.0,,,,43070.0,,,,,,,,,,,56,41,497,43452,43452,538,43452,2,0,1949ee33d87abaaf76a1500662da890e3034deec,0,0,0,0,0,
29,20200715,WY,1985,40929.0,,17.0,131.0,,,,,1506.0,B,7/15/2020 18:02,2020-07-15T18:02:00Z,07/15 14:02,22.0,131.0,2020-07-15T18:02:00Z,59347.0,1780.0,57566.0,1605.0,,,,42534.0,,,,,,,,,,,56,34,2852,42914,42914,2886,42914,0,3,6e02fc62dad07dbb85a7e2c4b8c81c1ef25bc365,0,0,0,0,0,
30,20200714,WY,1951,38077.0,,14.0,128.0,,,,,1462.0,B,7/14/2020 18:08,2020-07-14T18:08:00Z,07/14 14:08,22.0,128.0,2020-07-14T18:08:00Z,54917.0,1592.0,53324.0,1581.0,,,,39552.0,,,,,,,,,,,56,89,0,40028,40028,89,40028,1,4,e8302155ac9113c9328d6c4e507ed4f9baa5bffa,0,0,0,0,0,
31,20200713,WY,1862,38077.0,,17.0,124.0,,,,,1372.0,B,7/12/2020 11:42,2020-07-12T11:42:00Z,07/12 07:42,21.0,124.0,2020-07-12T11:42:00Z,54917.0,1592.0,53324.0,1506.0,,,,39552.0,,,,,,,,,,,56,0,0,39939,39939,0,39939,0,0,b02060cd0b808115fe67d8d1c7c4eea9498e3563,0,0,0,0,0,
32,20200712,WY,1862,38077.0,,12.0,124.0,,,,,1372.0,B,7/12/2020 12:00,2020-07-12T12:00:00Z,07/12 08:00,21.0,124.0,2020-07-12T12:00:00Z,54917.0,1592.0,53324.0,1506.0,,,,39552.0,,,,,,,,,,,56,23,0,39939,39939,23,39939,0,1,373463aec90e0527db943e67e67e617ee3cb0349,0,0,0,0,0,
33,20200711,WY,1839,38077.0,,12.0,123.0,,,,,1361.0,B,7/11/2020 11:44,2020-07-11T11:44:00Z,07/11 07:44,21.0,123.0,2020-07-11T11:44:00Z,54917.0,1592.0,53324.0,1488.0,,,,39552.0,,,,,,,,,,,56,49,0,39916,39916,49,39916,0,2,ec87f74a9220d241633b9c1bed22a82db9589b0b,0,0,0,0,0,
34,20200710,WY,1790,38077.0,,12.0,121.0,,,,,1327.0,B,7/10/2020 13:50,2020-07-10T13:50:00Z,07/10 09:50,21.0,121.0,2020-07-10T13:50:00Z,54917.0,1592.0,53324.0,1445.0,,,,39552.0,,,,,,,,,,,56,16,806,39867,39867,822,39867,0,0,98d34a2a8e273b54b3bde103396b4b04b483846d,0,0,0,0,0,
35,20200709,WY,1774,37271.0,,12.0,121.0,,,,,1313.0,B,7/9/2020 17:45,2020-07-09T17:45:00Z,07/09 13:45,21.0,121.0,2020-07-09T17:45:00Z,53488.0,1551.0,51936.0,1428.0,,,,38699.0,,,,,,,,,,,56,34,1193,39045,39045,1227,39045,0,1,8b44da70a6317cff2c0608ca94365fc89c5602bb,0,0,0,0,0,
36,20200708,WY,1740,36078.0,,13.0,120.0,,,,,1291.0,B,7/8/2020 17:23,2020-07-08T17:23:00Z,07/08 13:23,21.0,120.0,2020-07-08T17:23:00Z,51691.0,1499.0,50191.0,1404.0,,,,37456.0,,,,,,,,,,,56,29,0,37818,37818,29,37818,1,1,a891770d7dbdb1b251a417aedcca500760dc481b,0,0,0,0,0,
37,20200707,WY,1711,36078.0,,10.0,119.0,,,,,1274.0,B,7/7/2020 17:47,2020-07-07T17:47:00Z,07/07 13:47,20.0,119.0,2020-07-07T17:47:00Z,51691.0,1499.0,50191.0,1378.0,,,,37456.0,,,,,,,,,,,56,77,2385,37789,37789,2462,37789,0,0,924d41f2ca8ccb07930fc5a64591cc0d61de20dd,0,0,0,0,0,
38,20200706,WY,1634,33693.0,,9.0,119.0,,,,,1172.0,B,7/5/2020 13:36,2020-07-05T13:36:00Z,07/05 09:36,20.0,119.0,2020-07-05T13:36:00Z,47932.0,1342.0,46589.0,1312.0,,,,34926.0,,,,,,,,,,,56,0,0,35327,35327,0,35327,0,0,8c506e432b4f6ab4dcae8e5013842c7db96ff3de,0,0,0,0,0,
39,20200705,WY,1634,33693.0,,8.0,119.0,,,,,1172.0,B,7/5/2020 13:36,2020-07-05T13:36:00Z,07/05 09:36,20.0,119.0,2020-07-05T13:36:00Z,47932.0,1342.0,46589.0,1312.0,,,,34926.0,,,,,,,,,,,56,28,0,35327,35327,28,35327,0,0,58f137e4c1aab685e2e0faf8df427b3d21dcaafe,0,0,0,0,0,
40,20200704,WY,1606,33693.0,,8.0,119.0,,,,,1169.0,B,7/4/2020 12:20,2020-07-04T12:20:00Z,07/04 08:20,20.0,119.0,2020-07-04T12:20:00Z,47932.0,1342.0,46589.0,1289.0,,,,34926.0,,,,,,,,,,,56,24,0,35299,35299,24,35299,0,0,12142746f0fee8cdc6af10f85efdbe5d5e876bee,0,0,0,0,0,
41,20200703,WY,1582,33693.0,,8.0,119.0,,,,,1154.0,B,7/3/2020 11:24,2020-07-03T11:24:00Z,07/03 07:24,20.0,119.0,2020-07-03T11:24:00Z,47932.0,1342.0,46589.0,1267.0,,,,34926.0,,,,,,,,,,,56,32,0,35275,35275,32,35275,0,0,c0199f13ae6a52df226105cf37b6b2f1ac9b8b0a,0,0,0,0,0,
42,20200702,WY,1550,33693.0,,9.0,119.0,,,,,1139.0,B,7/2/2020 17:52,2020-07-02T17:52:00Z,07/02 13:52,20.0,119.0,2020-07-02T17:52:00Z,47932.0,1342.0,46589.0,1233.0,,,,34926.0,,,,,,,,,,,56,36,1508,35243,35243,1544,35243,0,2,6813c957cd178fc3063c6eed0e5ec4483fa4cb8a,0,0,0,0,0,
43,20200701,WY,1514,32185.0,,9.0,117.0,,,,,1119.0,B,7/1/2020 17:40,2020-07-01T17:40:00Z,07/01 13:40,20.0,117.0,2020-07-01T17:40:00Z,45310.0,1313.0,43996.0,1203.0,,,,33369.0,,,,,,,,,,,56,27,0,33699,33699,27,33699,0,0,2996f2bf587db4e03d8e440187cfa26f7b39fd28,0,0,0,0,0,
44,20200630,WY,1487,32185.0,,6.0,117.0,,,,,1097.0,B,6/30/2020 16:55,2020-06-30T16:55:00Z,06/30 12:55,20.0,117.0,2020-06-30T16:55:00Z,45310.0,1313.0,43996.0,1184.0,,,,33369.0,,,,,,,,,,,56,37,1779,33672,33672,1816,33672,0,5,d34ecce48285fb19d1e0d0392130cb2d9918ca17,0,0,0,0,0,
45,20200629,WY,1450,30406.0,,7.0,112.0,,,,,1070.0,B,6/29/2020 16:57,2020-06-29T16:57:00Z,06/29 12:57,20.0,112.0,2020-06-29T16:57:00Z,42402.0,1229.0,41172.0,1151.0,,,,31485.0,,,,,,,,,,,56,33,0,31856,31856,33,31856,0,0,0566d8851396ce86aa589e323bbe83d4ad0ea4dd,0,0,0,0,0,
46,20200628,WY,1417,30406.0,,5.0,112.0,,,,,1057.0,B,6/28/2020 13:01,2020-06-28T13:01:00Z,06/28 09:01,20.0,112.0,2020-06-28T13:01:00Z,42402.0,1229.0,41172.0,1121.0,,,,31485.0,,,,,,,,,,,56,25,0,31823,31823,25,31823,0,1,9983f4082064cf54e6c7f068b069cf719a0be380,0,0,0,0,0,
47,20200627,WY,1392,30406.0,,5.0,111.0,,,,,1054.0,B,6/27/2020 12:25,2020-06-27T12:25:00Z,06/27 08:25,20.0,111.0,2020-06-27T12:25:00Z,42402.0,1229.0,41172.0,1097.0,,,,31485.0,,,,,,,,,,,56,24,0,31798,31798,24,31798,0,-1,489208bbf2eaa93ed184d52f5cc1f915a4af070d,0,0,0,0,0,
48,20200626,WY,1368,30406.0,,5.0,112.0,,,,,1033.0,B,6/26/2020 18:15,2020-06-26T18:15:00Z,06/26 14:15,20.0,112.0,2020-06-26T18:15:00Z,42402.0,1229.0,41172.0,1079.0,,,,31485.0,,,,,,,,,,,56,42,1537,31774,31774,1579,31774,0,1,f39035c310056d6788db3ca7187486eaf6e9f5df,0,0,0,0,0,
49,20200625,WY,1326,28869.0,,7.0,111.0,,,,,996.0,B,6/25/2020 17:19,2020-06-25T17:19:00Z,06/25 13:19,20.0,111.0,2020-06-25T17:19:00Z,40154.0,1164.0,38989.0,1052.0,,,,29885.0,,,,,,,,,,,56,47,0,30195,30195,47,30195,0,2,e98b467d811c76bd783d94db7aa15b380e7413a0,0,0,0,0,0,
50,20200624,WY,1279,28869.0,,7.0,109.0,,,,,966.0,B,6/24/2020 16:59,2020-06-24T16:59:00Z,06/24 12:59,20.0,109.0,2020-06-24T16:59:00Z,40154.0,1164.0,38989.0,1016.0,,,,29885.0,,,,,,,,,,,56,25,1384,30148,30148,1409,30148,0,0,00a2282c5cc34e6c995b4bb708bd494c6f3be698,0,0,0,0,0,
51,20200623,WY,1254,27485.0,,8.0,109.0,,,,,953.0,C,6/23/2020 17:46,2020-06-23T17:46:00Z,06/23 13:46,20.0,109.0,2020-06-23T17:46:00Z,38300.0,1149.0,37151.0,992.0,,,,28477.0,,,,,,,,,,,56,24,1323,28739,28739,1347,28739,0,4,0547e9053c524d2435ad3ce8ea26a21e63fd2901,0,0,0,0,0,
52,20200622,WY,1230,26162.0,,8.0,105.0,,,,,931.0,C,6/22/2020 04:50,2020-06-22T04:50:00Z,06/22 00:50,20.0,105.0,2020-06-22T04:50:00Z,36228.0,1086.0,35141.0,974.0,,,,27109.0,,,,,,,,,,,56,33,0,27392,27392,33,27392,0,5,43d70cb81c4c6a475c154a4d6d79c9e14215580b,0,0,0,0,0,
53,20200621,WY,1197,26162.0,,8.0,100.0,,,,,909.0,C,6/21/2020 11:59,2020-06-21T11:59:00Z,06/21 07:59,20.0,100.0,2020-06-21T11:59:00Z,36228.0,1086.0,35141.0,947.0,,,,27109.0,,,,,,,,,,,56,18,0,27359,27359,18,27359,0,2,26d72a00ee8557c74caad7c449269e6ddb1f41b9,0,0,0,0,0,
54,20200620,WY,1179,26162.0,,8.0,98.0,,,,,896.0,C,6/20/2020 12:00,2020-06-20T12:00:00Z,06/20 08:00,20.0,98.0,2020-06-20T12:00:00Z,36228.0,1086.0,35141.0,930.0,,,,27109.0,,,,,,,,,,,56,6,-9139,27341,27341,-9133,27341,0,0,f1b4350adf1356a676df5faae613e8f6df9e272b,0,0,0,0,0,
55,20200619,WY,1173,35301.0,,8.0,98.0,,,,,889.0,C,6/19/2020 18:00,2020-06-19T18:00:00Z,06/19 14:00,20.0,98.0,2020-06-19T18:00:00Z,36228.0,1086.0,35141.0,927.0,,,,,,,,,,,,,,,56,29,291,36474,36474,320,36474,2,1,c31d989956fbf62c64b461c9e45f2efb681e8a5d,0,0,0,0,0,
56,20200618,WY,1144,35010.0,,8.0,97.0,,,,,870.0,C,6/18/2020 18:00,2020-06-18T18:00:00Z,06/18 14:00,18.0,97.0,2020-06-18T18:00:00Z,35916.0,1025.0,33164.0,906.0,,,,,,,,,,,,,,,56,30,1055,36154,36154,1085,36154,0,0,56352e767aa9d24befd7f9e289e51c63e88959f2,0,0,0,0,0,
57,20200617,WY,1114,33955.0,,7.0,97.0,,,,,862.0,C,6/17/2020 18:00,2020-06-17T18:00:00Z,06/17 14:00,18.0,97.0,2020-06-17T18:00:00Z,34839.0,1025.0,33164.0,884.0,,,,,,,,,,,,,,,56,25,631,35069,35069,656,35069,0,1,28da8bcd090dab2f2b4c5a1f539840aa24ce5380,0,0,0,0,0,
58,20200616,WY,1089,33324.0,,7.0,96.0,,,,,852.0,C,6/15/2020 18:00,2020-06-15T18:00:00Z,06/15 14:00,18.0,96.0,2020-06-15T18:00:00Z,34190.0,1025.0,33164.0,866.0,,,,,,,,,,,,,,,56,29,1778,34413,34413,1807,34413,0,3,af70b7bcb8d99f354dede3f30496c6d6a5024f90,0,0,0,0,0,
59,20200615,WY,1060,31546.0,,4.0,93.0,,,,,834.0,C,6/15/2020 18:00,2020-06-15T18:00:00Z,06/15 14:00,18.0,93.0,2020-06-15T18:00:00Z,32387.0,941.0,30446.0,841.0,,,,,,,,,,,,,,,56,0,-459,32606,32606,-459,32606,0,0,53ecfd1c7bcf79a1476e7340091ec3f04500411c,0,0,0,0,0,
60,20200614,WY,1060,32005.0,,5.0,93.0,,,,,834.0,C,6/14/2020 12:00,2020-06-14T12:00:00Z,06/14 08:00,18.0,93.0,2020-06-14T12:00:00Z,32387.0,941.0,30446.0,841.0,,,,,,,,,,,,,,,56,10,0,33065,33065,10,33065,0,0,9f6a25a5fa955af452a9cf3f506f63f9db9df679,0,0,0,0,0,
61,20200613,WY,1050,32005.0,,5.0,93.0,,,,,833.0,C,6/13/2020 12:00,2020-06-13T12:00:00Z,06/13 08:00,18.0,93.0,2020-06-13T12:00:00Z,32387.0,941.0,30446.0,832.0,,,,,,,,,,,,,,,56,23,1132,33055,33055,1155,33055,0,1,5fc3ee56a85a3c3cfa2a3b3784a139878cdd3df0,0,0,0,0,0,
62,20200612,WY,1027,30873.0,,5.0,92.0,,,,,814.0,C,6/12/2020 18:00,2020-06-12T18:00:00Z,06/12 14:00,18.0,92.0,2020-06-12T18:00:00Z,31684.0,941.0,30446.0,811.0,,,,,,,,,,,,,,,56,18,264,31900,31900,282,31900,0,0,b4fc5b5205b5eb8c7e63576f454d11ea80252397,0,0,0,0,0,
63,20200611,WY,1009,30609.0,,7.0,92.0,,,,,814.0,C,6/11/2020 16:12,2020-06-11T16:12:00Z,06/11 12:12,18.0,92.0,2020-06-11T16:12:00Z,31402.0,941.0,30446.0,793.0,,,,,,,,,,,,,,,56,29,737,31618,31618,766,31618,0,0,d720f5dde303da2be79fd020fcd290266c6b7515,0,0,0,0,0,
64,20200610,WY,980,29872.0,,8.0,92.0,,,,,804.0,C,6/10/2020 00:00,2020-06-10T00:00:00Z,06/09 20:00,18.0,92.0,2020-06-10T00:00:00Z,30795.0,923.0,29871.0,768.0,,,,,,,,,,,,,,,56,10,506,30852,30852,516,30852,1,1,205af32f40450b0faeb3cf54d29f2a486f6c5a78,0,0,0,0,0,
65,20200609,WY,970,29366.0,,8.0,91.0,,,,,789.0,C,6/9/2020 17:48,2020-06-09T17:48:00Z,06/09 13:48,17.0,91.0,2020-06-09T17:48:00Z,30126.0,903.0,29222.0,760.0,,,,,,,,,,,,,,,56,10,352,30336,30336,362,30336,0,0,f5395ecc8b0a769b92a85a6e2df050c8394906d6,0,0,0,0,0,
66,20200608,WY,960,29014.0,,7.0,91.0,,,,,773.0,C,6/8/2020 17:54,2020-06-08T17:54:00Z,06/08 13:54,17.0,91.0,2020-06-08T17:54:00Z,29762.0,892.0,28869.0,748.0,,,,,,,,,,,,,,,56,13,1210,29974,29974,1223,29974,0,1,ec95b06c1d6dde8746dba56c20a45db363607214,0,0,0,0,0,
67,20200607,WY,947,27804.0,,4.0,90.0,,,,,757.0,C,6/7/2020 11:52,2020-06-07T11:52:00Z,06/07 07:52,17.0,90.0,2020-06-07T11:52:00Z,28538.0,858.0,26843.0,734.0,,,,,,,,,,,,,,,56,8,235,28751,28751,243,28751,0,0,09a814e456e70558006f79e0c583a5d2c10ef5c0,0,0,0,0,0,
68,20200606,WY,939,27569.0,,4.0,90.0,,,,,757.0,C,6/6/2020 00:00,2020-06-06T00:00:00Z,06/05 20:00,17.0,90.0,2020-06-06T00:00:00Z,28295.0,858.0,26843.0,726.0,,,,,,,,,,,,,,,56,6,890,28508,28508,896,28508,0,0,5fca75ea8b1880a5fe2bda9548d20adc1c28db23,0,0,0,0,0,
69,20200605,WY,933,26679.0,,4.0,90.0,,,,,755.0,C,6/5/2020 00:00,2020-06-05T00:00:00Z,06/04 20:00,17.0,90.0,2020-06-05T00:00:00Z,27400.0,849.0,26550.0,721.0,,,,,,,,,,,,,,,56,18,605,27612,27612,623,27612,0,3,93a178619eccea1c2233ae43d1866aedf3e7b6a8,0,0,0,0,0,
70,20200604,WY,915,26074.0,,4.0,87.0,,,,,714.0,C,6/3/2020 00:00,2020-06-03T00:00:00Z,06/02 20:00,17.0,87.0,2020-06-03T00:00:00Z,26777.0,826.0,25016.0,703.0,,,,,,,,,,,,,,,56,0,361,26989,26989,361,26989,0,0,0339ae788d50a2567b4911a7e149cc8286416b72,0,0,0,0,0,
71,20200603,WY,915,25713.0,,4.0,87.0,,,,,714.0,C,6/3/2020 00:00,2020-06-03T00:00:00Z,06/02 20:00,17.0,87.0,2020-06-03T00:00:00Z,26416.0,826.0,25016.0,703.0,,,,,,,,,,,,,,,56,5,881,26628,26628,886,26628,0,1,bc7642d70b8f33dc783d78a97b92cfa1612c0e34,0,0,0,0,0,
72,20200602,WY,910,24832.0,,7.0,86.0,,,,,667.0,C,6/1/2020 00:00,2020-06-01T00:00:00Z,05/31 20:00,17.0,86.0,2020-06-01T00:00:00Z,25532.0,817.0,24714.0,700.0,,,,,,,,,,,,,,,56,0,595,25742,25742,595,25742,0,0,71401348dd7e1a2caf167a99de3c32d7f85ed743,0,0,0,0,0,
73,20200601,WY,910,24237.0,,8.0,86.0,,,,,667.0,C,5/31/2020 00:00,2020-05-31T00:00:00Z,05/30 20:00,17.0,86.0,2020-05-31T00:00:00Z,24937.0,788.0,22402.0,700.0,,,,,,,,,,,,,,,56,7,747,25147,25147,754,25147,1,1,b9215fd1142fb3865fcbd3ffb1b125f09950f71a,0,0,0,0,0,
74,20200531,WY,903,23490.0,,13.0,85.0,,,,,658.0,C,5/31/2020 00:00,2020-05-31T00:00:00Z,05/30 20:00,16.0,85.0,2020-05-31T00:00:00Z,24183.0,788.0,22402.0,693.0,,,,,,,,,,,,,,,56,5,305,24393,24393,310,24393,0,0,6587b17ef7bcfdf633e698fa824906ec819aea3c,0,0,0,0,0,
75,20200530,WY,898,23185.0,,13.0,85.0,,,,,658.0,C,5/30/2020 00:00,2020-05-30T00:00:00Z,05/29 20:00,16.0,85.0,2020-05-30T00:00:00Z,23900.0,788.0,22402.0,688.0,,,,,,,,,,,,,,,56,7,807,24083,24083,814,24083,1,1,c2240c7082da18d1d2b1699f3763207ddfe686e3,0,0,0,0,0,
76,20200529,WY,891,22378.0,,13.0,84.0,,,,,634.0,C,5/28/2020 00:00,2020-05-28T00:00:00Z,05/27 20:00,15.0,84.0,2020-05-28T00:00:00Z,23060.0,767.0,21167.0,682.0,,,,,,,,,,,,,,,56,17,92,23269,23269,109,23269,0,2,b4ae1da8b38cafd66a0479ad989c3dfe46fe77d3,0,0,0,0,0,
77,20200528,WY,874,22286.0,,15.0,82.0,,,,,624.0,C,5/28/2020 00:00,2020-05-28T00:00:00Z,05/27 20:00,15.0,82.0,2020-05-28T00:00:00Z,22591.0,767.0,21167.0,665.0,,,,,,,,,,,,,,,56,24,1634,23160,23160,1658,23160,2,0,cab38c27ee982db1503a8cba9bccd0d254214138,0,0,0,0,0,
78,20200527,WY,850,20652.0,,12.0,82.0,,,,,607.0,C,5/27/2020 00:00,2020-05-27T00:00:00Z,05/26 20:00,13.0,82.0,2020-05-27T00:00:00Z,21300.0,758.0,20900.0,648.0,,,,,,,,,,,,,,,56,0,0,21502,21502,0,21502,0,0,39e4ce41757c8a7ccb1a734943f086e97ab15a13,0,0,0,0,0,
79,20200526,WY,850,20652.0,,14.0,82.0,,,,,607.0,C,5/26/2020 00:00,2020-05-26T00:00:00Z,05/25 20:00,13.0,82.0,2020-05-26T00:00:00Z,21300.0,705.0,18895.0,648.0,,,,,,,,,,,,,,,56,12,1101,21502,21502,1113,21502,1,3,cb33d17a2ca87b9cc07ccd15a72f99e264b9ddc3,0,0,0,0,0,
80,20200525,WY,838,19551.0,,10.0,79.0,,,,,575.0,C,5/24/2020 00:00,2020-05-24T00:00:00Z,05/23 20:00,12.0,79.0,2020-05-24T00:00:00Z,20189.0,705.0,18895.0,638.0,,,,,,,,,,,,,,,56,25,330,20389,20389,355,20389,0,1,36253d5a5b70007710c48a381f14dbf14b95318d,0,0,0,0,0,
81,20200524,WY,813,19221.0,,10.0,78.0,,,,,556.0,C,5/23/2020 00:00,2020-05-23T00:00:00Z,05/22 20:00,12.0,78.0,2020-05-23T00:00:00Z,19836.0,705.0,18895.0,615.0,,,,,,,,,,,,,,,56,0,0,20034,20034,0,20034,0,1,b812e0b3e1f84a4405156de15e358200ba707d6c,0,0,0,0,0,
82,20200523,WY,813,19221.0,,10.0,77.0,,,,,551.0,C,5/23/2020 00:00,2020-05-23T00:00:00Z,05/22 20:00,12.0,77.0,2020-05-23T00:00:00Z,19836.0,705.0,18895.0,615.0,,,,,,,,,,,,,,,56,10,600,20034,20034,610,20034,0,1,e15022296cec1d89a02821ee251c0cdcbc143728,0,0,0,0,0,
83,20200522,WY,803,18621.0,,10.0,76.0,,,,,551.0,C,5/21/2020 18:02,2020-05-21T18:02:00Z,05/21 14:02,12.0,76.0,2020-05-21T18:02:00Z,19424.0,699.0,18724.0,608.0,,,,,,,,,,,,,,,56,16,568,19424,19424,584,19424,1,1,a2564a6e3efb7870c6bfe78fddd72424f3089faf,0,0,0,0,0,
84,20200521,WY,787,18053.0,,8.0,75.0,,,,,534.0,C,5/20/2020 16:54,2020-05-20T16:54:00Z,05/20 12:54,11.0,75.0,2020-05-20T16:54:00Z,18649.0,672.0,17495.0,596.0,,,,,,,,,,,,,,,56,0,0,18840,18840,0,18840,0,1,8d72dbfd3ed1c5e30e46d35c234b8dec05413a36,0,0,0,0,0,
85,20200520,WY,787,18053.0,,9.0,74.0,,,,,528.0,C,5/20/2020 16:15,2020-05-20T16:15:00Z,05/20 12:15,11.0,74.0,2020-05-20T16:15:00Z,18649.0,672.0,17495.0,596.0,,,,,,,,,,,,,,,56,21,969,18840,18840,990,18840,1,1,f0dfce70c67de3848d04af2858f5aea1c740793c,0,0,0,0,0,
86,20200519,WY,766,17084.0,,8.0,73.0,,,,,504.0,B,5/18/2020 00:00,2020-05-18T00:00:00Z,05/17 20:00,10.0,73.0,2020-05-18T00:00:00Z,17661.0,653.0,17007.0,577.0,,,,,,,,,,,,,,,56,12,753,17850,17850,765,17850,2,0,d248c7864774d4d040d95cf0222f7bd16002eec7,0,0,0,0,0,
87,20200518,WY,754,16331.0,,8.0,73.0,,,,,498.0,B,5/17/2020 00:00,2020-05-17T00:00:00Z,05/16 20:00,8.0,73.0,2020-05-17T00:00:00Z,16897.0,616.0,15602.0,566.0,,,,,,,,,,,,,,,56,0,0,17085,17085,0,17085,0,3,6aecd7332b50f42f81b065979eaf03d0c29997aa,0,0,0,0,0,
88,20200517,WY,754,16331.0,,8.0,70.0,,,,,498.0,B,5/16/2020 15:07,2020-05-16T15:07:00Z,05/16 11:07,8.0,70.0,2020-05-16T15:07:00Z,16709.0,616.0,15602.0,566.0,,,,,,,,,,,,,,,56,38,653,17085,17085,691,17085,1,1,787fa9b9458f0612f7c674d000f02993ce018860,0,0,0,0,0,
89,20200516,WY,716,15678.0,,8.0,69.0,,,,,496.0,B,5/15/2020 16:20,2020-05-15T16:20:00Z,05/15 12:20,7.0,69.0,2020-05-15T16:20:00Z,16219.0,616.0,15602.0,541.0,,,,,,,,,,,,,,,56,1,371,16394,16394,372,16394,0,1,7dfe0b60a84b38f2152da2dd03aeffbfdce9668b,0,0,0,0,0,
90,20200515,WY,715,15307.0,,8.0,68.0,,,,,487.0,B,5/14/2020 00:00,2020-05-14T00:00:00Z,05/13 20:00,7.0,68.0,2020-05-14T00:00:00Z,15848.0,607.0,14957.0,541.0,,,,,,,,,,,,,,,56,14,578,16022,16022,592,16022,0,1,e00816d17f15c85580cf900efe408329c631e1b0,0,0,0,0,0,
91,20200514,WY,701,14729.0,,8.0,67.0,,,,,480.0,B,5/14/2020 00:00,2020-05-14T00:00:00Z,05/13 20:00,7.0,67.0,2020-05-14T00:00:00Z,15417.0,,,529.0,,,,,,,,,,,,,,,56,26,345,15430,15430,371,15430,0,0,0613d195b2a6c246eae8e727376ac9bf118d1df1,0,0,0,0,0,
92,20200513,WY,675,14384.0,,10.0,67.0,,,,,477.0,B,5/12/2020 15:50,2020-05-12T15:50:00Z,05/12 11:50,7.0,67.0,2020-05-12T15:50:00Z,14789.0,,,513.0,,,,,,,,,,,,,,,56,0,0,15059,15059,0,15059,0,0,76c0e5b51e1d99ba92c6e0177555955d52ba7219,0,0,0,0,0,
93,20200512,WY,675,14384.0,,10.0,67.0,,,,,477.0,B,5/12/2020 15:50,2020-05-12T15:50:00Z,05/12 11:50,7.0,67.0,2020-05-12T15:50:00Z,14789.0,,,513.0,,,,,,,,,,,,,,,56,13,2981,15059,15059,2994,15059,0,1,f17285ccea95541ed5f58221ccb249d7db0010fe,0,0,0,0,0,
94,20200511,WY,662,11403.0,,12.0,66.0,,,,,443.0,C,5/10/2020 17:38,2020-05-10T17:38:00Z,05/10 13:38,7.0,66.0,2020-05-10T17:38:00Z,13416.0,,,504.0,,,,,,,,,,,,,,,56,1,0,12065,12065,1,12065,0,1,c5a18c986ca31d33cf57a3956ce0df0fe5eb2eb5,0,0,0,0,0,
95,20200510,WY,661,11403.0,,12.0,65.0,,,,,443.0,C,5/10/2020 16:00,2020-05-10T16:00:00Z,05/10 12:00,7.0,65.0,2020-05-10T16:00:00Z,13416.0,,,503.0,,,,,,,,,,,,,,,56,17,0,12064,12064,17,12064,0,1,c6867a743ee1a7a649486bb477e05604eabca2ce,0,0,0,0,0,
96,20200509,WY,644,11403.0,,12.0,64.0,,,,,438.0,C,5/8/2020 13:58,2020-05-08T13:58:00Z,05/08 09:58,7.0,64.0,2020-05-08T13:58:00Z,13416.0,,,490.0,,,,,,,,,,,,,,,56,9,0,12047,12047,9,12047,0,4,ea438e84756fa352c14bc6cfb93434adf928cfd2,0,0,0,0,0,
97,20200508,WY,635,11403.0,,9.0,60.0,,,,,428.0,C,5/7/2020 04:28,2020-05-07T04:28:00Z,05/07 00:28,7.0,60.0,2020-05-07T04:28:00Z,12968.0,,,483.0,,,,,,,,,,,,,,,56,4,0,12038,12038,4,12038,0,1,7acd3a413f1e408088f787f3b27713c5107a8627,0,0,0,0,0,
98,20200507,WY,631,11403.0,,11.0,59.0,,,,,416.0,C,5/6/2020 15:27,2020-05-06T15:27:00Z,05/06 11:27,7.0,59.0,2020-05-06T15:27:00Z,12569.0,,,479.0,,,,,,,,,,,,,,,56,27,0,12034,12034,27,12034,0,-1,90ba16840c5f1bcc243e5d712c57c7d53c706f5d,0,0,0,0,0,
99,20200506,WY,604,11403.0,,11.0,60.0,,,,,409.0,C,5/5/2020 15:30,2020-05-05T15:30:00Z,05/05 11:30,7.0,60.0,2020-05-05T15:30:00Z,12306.0,,,452.0,,,,,,,,,,,,,,,56,8,1084,12007,12007,1092,12007,0,0,2e8ec4f831e64befcdb5e7420e0d662b8d2ab855,0,0,0,0,0,
100,20200505,WY,596,10319.0,,13.0,60.0,,,,,405.0,C,5/4/2020 17:02,2020-05-04T17:02:00Z,05/04 13:02,7.0,60.0,2020-05-04T17:02:00Z,11996.0,479.0,11517.0,444.0,,,,,,,,,,,,,,,56,10,451,10915,10915,461,10915,0,0,ec52fae61b45e1bd2d0da9e8f81a92140bb08c75,0,0,0,0,0,
101,20200504,WY,586,9868.0,,13.0,60.0,,,,,391.0,C,5/4/2020 01:56,2020-05-04T01:56:00Z,05/03 21:56,7.0,60.0,2020-05-04T01:56:00Z,9976.0,438.0,9538.0,435.0,,,,,,,,,,,,,,,56,7,228,10454,10454,235,10454,0,0,2c4debfd16d252d0b97dc09e9fb0253ddf26a6ab,0,0,0,0,0,
102,20200503,WY,579,9640.0,,13.0,60.0,,,,,391.0,C,5/2/2020 13:12,2020-05-02T13:12:00Z,05/02 09:12,7.0,60.0,2020-05-02T13:12:00Z,9976.0,438.0,9538.0,429.0,,,,,,,,,,,,,,,56,13,177,10219,10219,190,10219,0,2,dfcf135eb368fc46586e51b21c9ac8ae6786cb4d,0,0,0,0,0,
103,20200502,WY,566,9463.0,,13.0,58.0,,,,,387.0,C,5/1/2020 15:49,2020-05-01T15:49:00Z,05/01 11:49,7.0,58.0,2020-05-01T15:49:00Z,9976.0,438.0,9538.0,420.0,,,,,,,,,,,,,,,56,7,327,10029,10029,334,10029,0,2,82412aa98b7d0ff1a942296dd0ece46b86a11eb1,0,0,0,0,0,
104,20200501,WY,559,9136.0,,13.0,56.0,,,,,373.0,C,4/30/2020 00:00,2020-04-30T00:00:00Z,04/29 20:00,7.0,56.0,2020-04-30T00:00:00Z,9551.0,429.0,9122.0,415.0,,,,,,,,,,,,,,,56,15,234,9695,9695,249,9695,0,0,9b66ed5c60660342e278efbe59e23d365a6c6540,0,0,0,0,0,
105,20200430,WY,544,8902.0,,13.0,56.0,,,,,371.0,C,4/29/2020 00:00,2020-04-29T00:00:00Z,04/28 20:00,7.0,56.0,2020-04-29T00:00:00Z,9306.0,418.0,8888.0,404.0,,,,,,,,,,,,,,,56,8,221,9446,9446,229,9446,0,0,f2de57ff8c73d1f75bb48a61177b695576f4a595,0,0,0,0,0,
106,20200429,WY,536,8681.0,,12.0,56.0,,,,,362.0,C,4/29/2020 00:00,2020-04-29T00:00:00Z,04/28 20:00,7.0,56.0,2020-04-29T00:00:00Z,9055.0,407.0,8648.0,396.0,,,,,,,,,,,,,,,56,147,455,9217,9217,602,9217,0,0,3289107e58128142e9003e3614722ab2997d6b4d,0,0,0,0,0,
107,20200428,WY,389,8226.0,,16.0,56.0,,,,,343.0,C,4/27/2020 17:05,2020-04-27T17:05:00Z,04/27 13:05,7.0,56.0,2020-04-27T17:05:00Z,,,,389.0,,,,,,,,,,,,,,,56,19,429,8615,8615,448,8615,0,2,e25324ee844531fdabf699470fdee3e9d2924874,0,0,0,0,0,
108,20200427,WY,370,7797.0,,16.0,54.0,,,,,342.0,C,4/26/2020 13:58,2020-04-26T13:58:00Z,04/26 09:58,7.0,54.0,2020-04-26T13:58:00Z,,,,370.0,,,,,,,,,,,,,,,56,8,0,8167,8167,8,8167,0,0,5c71cc135229400ec8a622bed276c64c18f82c76,0,0,0,0,0,
109,20200426,WY,362,7797.0,,16.0,54.0,,,,,334.0,C,4/25/2020 17:20,2020-04-25T17:20:00Z,04/25 13:20,7.0,54.0,2020-04-25T17:20:00Z,,,,362.0,,,,,,,,,,,,,,,56,13,0,8159,8159,13,8159,0,0,131938ed7ac70ac54f9ec9d9bd7ac0da2c0185e2,0,0,0,0,0,
110,20200425,WY,349,7797.0,,16.0,54.0,,,,,321.0,C,4/24/2020 16:02,2020-04-24T16:02:00Z,04/24 12:02,7.0,54.0,2020-04-24T16:02:00Z,,,,349.0,,,,,,,,,,,,,,,56,0,101,8146,8146,101,8146,0,0,cd413cc92a1f59eb3b963b1de53709b9bc7d8784,0,0,0,0,0,
111,20200424,WY,349,7696.0,,16.0,54.0,,,,,321.0,A,4/24/2020 00:00,2020-04-24T00:00:00Z,04/23 20:00,7.0,54.0,2020-04-24T00:00:00Z,,,,332.0,,,,,,,,,,,,,,,56,23,455,8045,8045,478,8045,0,2,fa0ff4431f5f292ee524c9b4323d72a63cc7bd46,0,0,0,0,0,
112,20200423,WY,326,7241.0,,,52.0,,,,,275.0,A,4/23/2020 16:27,2020-04-23T16:27:00Z,04/23 12:27,7.0,52.0,2020-04-23T16:27:00Z,,,,325.0,,,,,,,,,,,,,,,56,4,-60,7567,7567,-56,7567,1,0,059aa539b5c6d80f959b714c4ef32b123ba2945f,0,0,0,0,0,
113,20200422,WY,322,7301.0,,19.0,52.0,,,,,254.0,A,4/22/2020 23:00,2020-04-22T23:00:00Z,04/22 19:00,6.0,52.0,2020-04-22T23:00:00Z,,,,322.0,,,,,,,,,,,,,,,56,2,0,7623,7623,2,7623,0,0,dc601ddcda3aaecf6524d6c43d6efcfa3b239ce1,0,0,0,0,0,
114,20200421,WY,320,7301.0,,19.0,52.0,,,,,237.0,A,4/21/2020 16:20,2020-04-21T16:20:00Z,04/21 12:20,6.0,52.0,2020-04-21T16:20:00Z,,,,317.0,,,,,,,,,,,,,,,56,7,228,7621,7621,235,7621,4,1,15b01be5fddef46c6b23b5864ed8e28774ac3eeb,0,0,0,0,0,
115,20200420,WY,313,7073.0,,19.0,51.0,,,,,233.0,A,4/19/2020 00:00,2020-04-19T00:00:00Z,04/18 20:00,2.0,51.0,2020-04-19T00:00:00Z,,,,313.0,,,,,,,,,,,,,,,56,4,101,7386,7386,105,7386,0,1,ed9f81c20c9b8645acd869fab36645ada1e3f360,0,0,0,0,0,
116,20200419,WY,309,6972.0,,19.0,50.0,,,,,227.0,A,4/19/2020 00:00,2020-04-19T00:00:00Z,04/18 20:00,2.0,50.0,2020-04-19T00:00:00Z,,,,309.0,,,,,,,,,,,,,,,56,4,755,7281,7281,759,7281,0,0,7329b7acbafc09e2f64e4e15fd9f60394be5fef2,0,0,0,0,0,
117,20200418,WY,305,6217.0,,19.0,50.0,,,,,206.0,A,4/17/2020 16:02,2020-04-17T16:02:00Z,04/17 12:02,2.0,50.0,2020-04-17T16:02:00Z,,,,305.0,,,,,,,,,,,,,,,56,9,86,6522,6522,95,6522,0,7,5684cd5bfb2d5278f0d3e213ff5d1b058e5da05e,0,0,0,0,0,
118,20200417,WY,296,6131.0,,19.0,43.0,,,,,148.0,A,4/17/2020 16:02,2020-04-17T16:02:00Z,04/17 12:02,2.0,43.0,2020-04-17T16:02:00Z,,,,296.0,,,,,,,,,,,,,,,56,0,0,6427,6427,0,6427,0,0,f56b8d605d22b7f8e7a7b0d459a9d1443cf98ebf,0,0,0,0,0,
119,20200416,WY,296,6131.0,,19.0,43.0,,,,,148.0,A,4/16/2020 20:15,2020-04-16T20:15:00Z,04/16 16:15,2.0,43.0,2020-04-16T20:15:00Z,,,,288.0,,,,,,,,,,,,,,,56,9,89,6427,6427,98,6427,0,0,c41d6d4f4dc2922ba803b8a8b12ec7b7e3d3865a,0,0,0,0,0,
120,20200415,WY,287,6042.0,,,43.0,,,,,129.0,A,4/15/2020 12:30,2020-04-15T12:30:00Z,04/15 08:30,2.0,43.0,2020-04-15T12:30:00Z,,,,282.0,,,,,,,,,,,,,,,56,12,353,6329,6329,365,6329,1,0,b751d4de1a1675c4aed88af08744257e6627a88b,0,0,0,0,0,
121,20200414,WY,275,5689.0,,,43.0,,,,,140.0,A,4/14/2020 16:05,2020-04-14T16:05:00Z,04/14 12:05,1.0,43.0,2020-04-14T16:05:00Z,,,,275.0,,,,,,,,,,,,,,,56,0,0,5964,5964,0,5964,0,2,d79e253d8b18a6d910eefa81c3b792757e17e254,0,0,0,0,0,
122,20200413,WY,275,5689.0,,,41.0,,,,,138.0,A,4/13/2020 15:19,2020-04-13T15:19:00Z,04/13 11:19,1.0,41.0,2020-04-13T15:19:00Z,,,,270.0,,,,,,,,,,,,,,,56,14,491,5964,5964,505,5964,1,1,ae36ce4306c65b99f0bf5eb324a23518da3e9b41,0,0,0,0,0,
123,20200412,WY,261,5198.0,,,40.0,,,,,137.0,A,4/11/2020 18:00,2020-04-11T18:00:00Z,04/11 14:00,0.0,40.0,2020-04-11T18:00:00Z,,,,261.0,,,,,,,,,,,,,,,56,0,0,5459,5459,0,5459,0,3,048c3f1134f58f29d95a2cad14d958ea803cf403,0,0,0,0,0,
124,20200411,WY,261,5198.0,,,37.0,,,,,129.0,A,4/11/2020 18:00,2020-04-11T18:00:00Z,04/11 14:00,0.0,37.0,2020-04-11T18:00:00Z,,,,253.0,,,,,,,,,,,,,,,56,8,462,5459,5459,470,5459,0,0,f7dd6cb8da1047f3fd8d2430f6957fab56b9348b,0,0,0,0,0,
125,20200410,WY,253,4736.0,,,37.0,,,,,105.0,A,4/9/2020 18:00,2020-04-09T18:00:00Z,04/09 14:00,0.0,37.0,2020-04-09T18:00:00Z,,,,239.0,,,,,,,,,,,,,,,56,23,816,4989,4989,839,4989,0,3,361b2fff48f5ea8b5a10501e48be7cf24c1d0231,0,0,0,0,0,
126,20200409,WY,230,3920.0,,,34.0,,,,,94.0,A,4/8/2020 16:59,2020-04-08T16:59:00Z,04/08 12:59,0.0,34.0,2020-04-08T16:59:00Z,,,,230.0,,,,,,,,,,,,,,,56,9,77,4150,4150,86,4150,0,1,82df3f9b4f9b426140a44f56ce7df86fea4328a6,0,0,0,0,0,
127,20200408,WY,221,3843.0,,,33.0,,,,,62.0,A,4/7/2020 18:21,2020-04-07T18:21:00Z,04/07 14:21,0.0,33.0,2020-04-07T18:21:00Z,,,,220.0,,,,,,,,,,,,,,,56,5,54,4064,4064,59,4064,0,0,fa53955b1aedf658b01303d97d40d7840d05a991,0,0,0,0,0,
128,20200407,WY,216,3789.0,,,33.0,,,,,62.0,A,4/7/2020 10:57,2020-04-07T10:57:00Z,04/07 06:57,0.0,33.0,2020-04-07T10:57:00Z,,,,210.0,,,,,,,,,,,,,,,56,6,70,4005,4005,76,4005,0,10,9251464bf31e6b9e527512f10f19f5c6581ebd06,0,0,0,0,0,
129,20200406,WY,210,3719.0,,,23.0,,,,,52.0,A,4/6/2020 11:32,2020-04-06T11:32:00Z,04/06 07:32,0.0,23.0,2020-04-06T11:32:00Z,,,,201.0,,,,,,,,,,,,,,,56,13,679,3929,3929,692,3929,0,0,f83f0ec616e17111ad0ff553d6d8d5b2ec9dd601,0,0,0,0,0,
130,20200405,WY,197,3040.0,,,23.0,,,,,50.0,A,4/5/2020 09:23,2020-04-05T09:23:00Z,04/05 05:23,0.0,23.0,2020-04-05T09:23:00Z,,,,187.0,,,,,,,,,,,,,,,56,10,95,3237,3237,105,3237,0,0,3158da8c0c4a9cce84b2316f385db36df94f5bfb,0,0,0,0,0,
131,20200404,WY,187,2945.0,,,23.0,,,,,49.0,A,4/4/2020 09:49,2020-04-04T09:49:00Z,04/04 05:49,0.0,23.0,2020-04-04T09:49:00Z,,,,165.0,,,,,,,,,,,,,,,56,25,241,3132,3132,266,3132,0,2,3d9e30b96fa3d778c3be3a1c87ee85dec54bdb05,0,0,0,0,0,
132,20200403,WY,162,2704.0,,,21.0,,,,,37.0,A,4/3/2020 10:42,2020-04-03T10:42:00Z,04/03 06:42,0.0,21.0,2020-04-03T10:42:00Z,,,,153.0,,,,,,,,,,,,,,,56,12,265,2866,2866,277,2866,0,2,424609f092a6ea6d95bf37c37ef6ab74f38751d1,0,0,0,0,0,
133,20200402,WY,150,2439.0,,,19.0,,,,,31.0,A,4/2/2020 10:30,2020-04-02T10:30:00Z,04/02 06:30,0.0,19.0,2020-04-02T10:30:00Z,,,,137.0,,,,,,,,,,,,,,,56,20,221,2589,2589,241,2589,0,1,2fed9668e8ea6acfadb33590e890e77eb2808d8a,0,0,0,0,0,
134,20200401,WY,130,2218.0,,,18.0,,,,,31.0,A,3/31/2020 19:44,2020-03-31T19:44:00Z,03/31 15:44,0.0,18.0,2020-03-31T19:44:00Z,,,,109.0,,,,,,,,,,,,,,,56,21,219,2348,2348,240,2348,0,1,96b57da503505a93d28cd501fba916e721afc993,0,0,0,0,0,
135,20200331,WY,109,1999.0,,,17.0,,,,,26.0,A,3/31/2020 10:37,2020-03-31T10:37:00Z,03/31 06:37,0.0,17.0,2020-03-31T10:37:00Z,,,,96.0,,,,,,,,,,,,,,,56,15,159,2108,2108,174,2108,0,0,de00ed348488820e2de06f00dfda28d6c1fc37ae,0,0,0,0,0,
136,20200330,WY,94,1840.0,,,17.0,,,,,24.0,A,3/30/2020 00:00,2020-03-30T00:00:00Z,03/29 20:00,0.0,17.0,2020-03-30T00:00:00Z,,,,87.0,,,,,,,,,,,,,,,56,8,286,1934,1934,294,1934,0,2,9be08ed71ed6431830748a07f6b1963d5e0a4a95,0,0,0,0,0,
137,20200329,WY,86,1554.0,,,15.0,,,,,20.0,A,3/29/2020 00:00,2020-03-29T00:00:00Z,03/28 20:00,0.0,15.0,2020-03-29T00:00:00Z,,,,84.0,,,,,,,,,,,,,,,56,4,79,1640,1640,83,1640,0,1,928ba7d70e037d7068aa8e6b2d0d93c02eedcf7e,0,0,0,0,0,
138,20200328,WY,82,1475.0,,,14.0,,,,,18.0,A,3/28/2020 00:00,2020-03-28T00:00:00Z,03/27 20:00,0.0,14.0,2020-03-28T00:00:00Z,,,,73.0,,,,,,,,,,,,,,,56,12,264,1557,1557,276,1557,0,3,88de120e57ac0e0956dd328bc91a660532f2949d,0,0,0,0,0,
139,20200327,WY,70,1211.0,,,11.0,,,,,17.0,A,3/27/2020 12:50,2020-03-27T12:50:00Z,03/27 08:50,0.0,11.0,2020-03-27T12:50:00Z,,,,54.0,,,,,,,,,,,,,,,56,17,159,1281,1281,176,1281,0,11,b0294e08f481e0655e43365c9e1103684005d506,0,0,0,0,0,
140,20200326,WY,53,1052.0,,,,,,,,12.0,A,3/26/2020 00:00,2020-03-26T00:00:00Z,03/25 20:00,,,2020-03-26T00:00:00Z,,,,44.0,,,,,,,,,,,,,,,56,9,98,1105,1105,107,1105,0,0,7f386109940c241f3c3cd70a6efdd737f320a3a2,0,0,0,0,0,
141,20200325,WY,44,954.0,,,,,,,,7.0,A,3/25/2020 12:45,2020-03-25T12:45:00Z,03/25 08:45,,,2020-03-25T12:45:00Z,,,,30.0,,,,,,,,,,,,,,,56,15,244,998,998,259,998,0,0,26f1b828aa2d1b20f5fea04bcc02689de1323251,0,0,0,0,0,
142,20200324,WY,29,710.0,,,,,,,,,A,3/24/2020 00:00,2020-03-24T00:00:00Z,03/23 20:00,,,2020-03-24T00:00:00Z,,,,27.0,,,,,,,,,,,,,,,56,3,118,739,739,121,739,0,0,531d5150a38de01ff1087ed64e62b6927172a85a,0,0,0,0,0,
143,20200323,WY,26,592.0,,,,,,,,,A,3/23/2020 14:00,2020-03-23T14:00:00Z,03/23 10:00,,,2020-03-23T14:00:00Z,,,,26.0,,,,,,,,,,,,,,,56,2,154,618,618,156,618,0,0,0a6335ff358dc9c94210b9ed376b7f81372633f6,0,0,0,0,0,
144,20200322,WY,24,438.0,,,,,,,,,,3/21/2020 23:00,2020-03-21T23:00:00Z,03/21 19:00,,,2020-03-21T23:00:00Z,,,,23.0,,,,,,,,,,,,,,,56,1,0,462,462,1,462,0,0,ca064baf2a357c53b0d2eb62c5f79f388ef790c5,0,0,0,0,0,
145,20200321,WY,23,438.0,,,,,,,,,,3/21/2020 12:30,2020-03-21T12:30:00Z,03/21 08:30,,,2020-03-21T12:30:00Z,,,,20.0,,,,,,,,,,,,,,,56,4,107,461,461,111,461,0,0,9e7e6db5dd1daa1c2bf4921315593a190b21d8c9,0,0,0,0,0,
146,20200320,WY,19,331.0,,,,,,,,,,3/20/2020 13:30,2020-03-20T13:30:00Z,03/20 09:30,,,2020-03-20T13:30:00Z,,,,18.0,,,,,,,,,,,,,,,56,1,60,350,350,61,350,0,0,c21bf9366016688300a0e85e39cdf1105e1f1160,0,0,0,0,0,
147,20200319,WY,18,271.0,,,,,,,,,,3/19/2020 16:45,2020-03-19T16:45:00Z,03/19 12:45,,,2020-03-19T16:45:00Z,,,,16.0,,,,,,,,,,,,,,,56,3,93,289,289,96,289,0,0,7a462050915d6c37a4bb4099f5edd58f5aaccef4,0,0,0,0,0,
148,20200318,WY,15,178.0,,,,,,,,,,3/18/2020 00:00,2020-03-18T00:00:00Z,03/17 20:00,,,2020-03-18T00:00:00Z,,,,11.0,,,,,,,,,,,,,,,56,5,83,193,193,88,193,0,0,d1da1e887d0104c2386cb031734819a2a2165af2,0,0,0,0,0,
149,20200317,WY,10,95.0,,,,,,,,,,3/17/2020 00:00,2020-03-17T00:00:00Z,03/16 20:00,,,2020-03-17T00:00:00Z,,,,3.0,,,,,,,,,,,,,,,56,7,95,105,105,102,105,0,0,ac6f5a18384c3b4fd84401329ebe2dbd3700d0fa,0,0,0,0,0,
150,20200316,WY,3,,,,,,,,,,,3/16/2020 15:04,2020-03-16T15:04:00Z,03/16 11:04,,,2020-03-16T15:04:00Z,,,,3.0,,,,,,,,,,,,,,,56,0,0,3,3,0,3,0,0,d8fd09e99f91a419211c63864bab4087b9a3137a,0,0,0,0,0,
151,20200315,WY,3,,,,,,,,,,,3/14/2020 00:00,2020-03-14T00:00:00Z,03/13 20:00,,,2020-03-14T00:00:00Z,,,,2.0,,,,,,,,,,,,,,,56,1,0,3,3,1,3,0,0,4fec09f902bf3cf0d5a3ff81d272a33b17cb791c,0,0,0,0,0,
152,20200314,WY,2,,,,,,,,,,,3/13/2020 00:00,2020-03-13T00:00:00Z,03/12 20:00,,,2020-03-13T00:00:00Z,,,,2.0,,,,,,,,,,,,,,,56,1,0,2,2,1,2,0,0,879c7e99402c8d9f807f728cb7ab4c522ed3be42,0,0,0,0,0,
153,20200313,WY,1,,,,,,,,,,,3/12/2020 00:00,2020-03-12T00:00:00Z,03/11 20:00,,,2020-03-12T00:00:00Z,,,,1.0,,,,,,,,,,,,,,,56,0,0,1,1,0,1,0,0,3439e1e5bef5a184b19c9ad0e140b09fdef0ed41,0,0,0,0,0,
154,20200312,WY,1,,,,,,,,,,,3/11/2020 00:00,2020-03-11T00:00:00Z,03/10 20:00,,,2020-03-11T00:00:00Z,,,,,,,,,,,,,,,,,,,56,1,0,1,1,1,1,0,0,2b40b603e591cf9b98723590604828fa4b96b0d2,0,0,0,0,0,
155,20200311,WY,0,,,,,,,,,,,,,,,,,,,,,,,,,,,,,,,,,,,56,0,0,0,0,0,0,0,0,5b024db388ae20fe43c5e62f118b112fb1e2a83b,0,0,0,0,0,
156,20200310,WY,0,0.0,0.0,,,,,,,,,,,,,,,,,,,,,,,,,,,,,,,,,56,0,0,0,0,0,0,0,0,7305e4866fcabc840d3878309d1579a6307a17ad,0,0,0,0,0,
157,20200309,WY,0,,,,,,,,,,,,,,,,,,,,,,,,,,,,,,,,,,,56,0,0,0,0,0,0,0,0,f0dbafc01c82befbda61f699558e7516895e5cbb,0,0,0,0,0,
158,20200308,WY,0,,,,,,,,,,,,,,,,,,,,,,,,,,,,,,,,,,,56,0,0,0,0,0,0,0,0,f5fb5ccd4040c1f778e91d649256ed31222be617,0,0,0,0,0,
159,20200307,WY,0,,,,,,,,,,,,,,,,,,,,,,,,,,,,,,,,,,,56,0,0,0,0,0,0,0,0,2f1e4f2776607153b6cb8ceec9a280e1b0293ae1,0,0,0,0,0,
