,date,state,positive,negative,pending,hospitalizedCurrently,hospitalizedCumulative,inIcuCurrently,inIcuCumulative,onVentilatorCurrently,onVentilatorCumulative,recovered,dataQualityGrade,lastUpdateEt,dateModified,checkTimeEt,death,hospitalized,dateChecked,totalTestsViral,positiveTestsViral,negativeTestsViral,positiveCasesViral,deathConfirmed,deathProbable,fips,positiveIncrease,negativeIncrease,total,totalTestResults,totalTestResultsIncrease,posNeg,deathIncrease,hospitalizedIncrease,hash,commercialScore,negativeRegularScore,negativeScore,positiveScore,score,grade
0,20200713,MA,111827,854316.0,,570.0,11611.0,89.0,,46.0,,94347.0,A+,7/13/2020 16:00,2020-07-13T16:00:00Z,07/13 12:00,8330.0,11611.0,2020-07-13T16:00:00Z,1225332.0,,,105783.0,8115.0,215.0,25,230,8433,966143,966143,8663,966143,5,3,a71ed1815f82bf890a0c81bac438f568767360ae,0,0,0,0,0,
1,20200712,MA,111597,845883.0,,583.0,11608.0,93.0,,43.0,,94347.0,A+,7/12/2020 10:00,2020-07-12T10:00:00Z,07/12 06:00,8325.0,11608.0,2020-07-12T10:00:00Z,1213914.0,,,105629.0,8110.0,215.0,25,199,10947,957480,957480,11146,957480,15,8,3176bbccc36c6280d5bbd522b9917b75e1a56ff6,0,0,0,0,0,
2,20200711,MA,111398,834936.0,,572.0,11600.0,87.0,,44.0,,94347.0,A+,7/11/2020 10:00,2020-07-11T10:00:00Z,07/11 06:00,8310.0,11600.0,2020-07-11T10:00:00Z,1199411.0,,,105457.0,8095.0,215.0,25,288,7430,946334,946334,7718,946334,14,18,29640c0267c17c8f0f290f42dfabc1f024058fd9,0,0,0,0,0,
3,20200710,MA,111110,827506.0,,632.0,11582.0,98.0,,47.0,,94347.0,A+,7/10/2020 10:00,2020-07-10T10:00:00Z,07/10 06:00,8296.0,11582.0,2020-07-10T10:00:00Z,1187832.0,,,105290.0,8081.0,215.0,25,213,12642,938616,938616,12855,938616,28,23,406457d05ee5d0fb243b242a69922bd554c5b106,0,0,0,0,0,
4,20200709,MA,110897,814864.0,,635.0,11559.0,103.0,,42.0,,94347.0,A+,7/9/2020 16:00,2020-07-09T16:00:00Z,07/09 12:00,8268.0,11559.0,2020-07-09T16:00:00Z,1171180.0,,,105138.0,8053.0,215.0,25,295,9471,925761,925761,9766,925761,25,42,595095970903f7201a2b47982e90a85bf42dc35a,0,0,0,0,0,
5,20200708,MA,110602,805393.0,,662.0,11517.0,102.0,,49.0,,94347.0,A+,7/8/2020 10:00,2020-07-08T10:00:00Z,07/08 06:00,8243.0,11517.0,2020-07-08T10:00:00Z,1157023.0,,,104961.0,8028.0,215.0,25,264,8971,915995,915995,9235,915995,30,28,ead3aaf27524662afd8455eef866d57b4796ec51,0,0,0,0,0,
6,20200707,MA,110338,796422.0,,621.0,11489.0,104.0,,50.0,,93157.0,A+,7/7/2020 10:00,2020-07-07T10:00:00Z,07/07 06:00,8213.0,11489.0,2020-07-07T10:00:00Z,1144367.0,,,104799.0,7998.0,215.0,25,201,7142,906760,906760,7343,906760,15,20,649a0c507e0354580b7076e6d027424a72fc70f7,0,0,0,0,0,
7,20200706,MA,110137,789280.0,,603.0,11469.0,99.0,,51.0,,93157.0,A+,7/6/2020 10:00,2020-07-06T10:00:00Z,07/06 06:00,8198.0,11469.0,2020-07-06T10:00:00Z,1134568.0,,,104659.0,7983.0,215.0,25,163,7569,899417,899417,7732,899417,15,6,0d54776c5f43ffb5f05ab107d1963896f0c1c4f2,0,0,0,0,0,
8,20200705,MA,109974,781711.0,,636.0,11463.0,100.0,,46.0,,93157.0,A+,7/5/2020 10:00,2020-07-05T10:00:00Z,07/05 06:00,8183.0,11463.0,2020-07-05T10:00:00Z,1124217.0,,,104502.0,7968.0,215.0,25,136,5782,891685,891685,5918,891685,11,2,e0c09e60d63d36040bdb6902572627bdad45d62f,0,0,0,0,0,
9,20200704,MA,109838,775929.0,,640.0,11461.0,107.0,,51.0,,93157.0,A+,7/4/2020 10:00,2020-07-04T10:00:00Z,07/04 06:00,8172.0,11461.0,2020-07-04T10:00:00Z,1116271.0,,,104391.0,7958.0,214.0,25,210,7777,885767,885767,7987,885767,23,25,2334cced240b28dffc641757e181d731b8b2e304,0,0,0,0,0,
10,20200703,MA,109628,768152.0,,656.0,11436.0,106.0,,55.0,,93157.0,A+,7/3/2020 16:00,2020-07-03T16:00:00Z,07/03 12:00,8149.0,11436.0,2020-07-03T16:00:00Z,1105013.0,,,104228.0,7935.0,214.0,25,290,11232,877780,877780,11522,877780,17,44,270b90fb8fcb123da6315109939677c472f99a52,0,0,0,0,0,
11,20200702,MA,109338,756920.0,,681.0,11392.0,113.0,,52.0,,93157.0,A+,7/2/2020 10:00,2020-07-02T10:00:00Z,07/02 06:00,8132.0,11392.0,2020-07-02T10:00:00Z,1090482.0,,,104016.0,7918.0,214.0,25,195,7628,866258,866258,7823,866258,51,40,1982b7404b42fc64bd7bf18f85040f8cefd1c210,0,0,0,0,0,
12,20200701,MA,109143,749292.0,,760.0,11352.0,123.0,,65.0,,93157.0,A+,7/1/2020 10:00,2020-07-01T10:00:00Z,07/01 06:00,8081.0,11352.0,2020-07-01T10:00:00Z,1079648.0,,,103858.0,7902.0,179.0,25,261,10033,858435,858435,10294,858435,27,15,6e68613460537306e73e3f4f906157700c8acbbb,0,0,0,0,0,
13,20200630,MA,108882,739259.0,,733.0,11337.0,120.0,,63.0,,93157.0,A+,6/30/2020 10:00,2020-06-30T10:00:00Z,06/30 06:00,8054.0,11337.0,2020-06-30T10:00:00Z,1066060.0,,,103701.0,7874.0,180.0,25,114,5740,848141,848141,5854,848141,-41,-8,31ce0a5a3dee2ee9b63ec458b4b2a8d398cc68ac,0,0,0,0,0,
14,20200629,MA,108768,733519.0,,762.0,11345.0,138.0,,79.0,,93157.0,A+,6/29/2020 10:00,2020-06-29T10:00:00Z,06/29 06:00,8095.0,11345.0,2020-06-29T10:00:00Z,1057932.0,,,103628.0,7895.0,200.0,25,101,6392,842287,842287,6493,842287,35,26,f6281bd533d10002d617cbb0f86c51024774f134,0,0,0,0,0,
15,20200628,MA,108667,727127.0,,748.0,11319.0,134.0,,81.0,,93157.0,A+,6/28/2020 10:00,2020-06-28T10:00:00Z,06/28 06:00,8060.0,11319.0,2020-06-28T10:00:00Z,1048942.0,,,103539.0,7860.0,200.0,25,224,9228,835794,835794,9452,835794,19,9,e6e3a426f422809d7008cc7cf27452dd869293cf,0,0,0,0,0,
16,20200627,MA,108443,717899.0,,769.0,11310.0,143.0,,90.0,,93157.0,A+,6/27/2020 10:00,2020-06-27T10:00:00Z,06/27 06:00,8041.0,11310.0,2020-06-27T10:00:00Z,1036832.0,,,103376.0,7841.0,200.0,25,373,11884,826342,826342,12257,826342,28,19,af3a0942cb6c73a6beae7a3263c2aae8596a5e2b,0,0,0,0,0,
17,20200626,MA,108070,706015.0,,791.0,11291.0,156.0,,99.0,,93157.0,A+,6/26/2020 10:00,2020-06-26T10:00:00Z,06/26 06:00,8013.0,11291.0,2020-06-26T10:00:00Z,1020867.0,,,103071.0,7815.0,198.0,25,233,8396,814085,814085,8629,814085,50,39,ab5ab934553501f2a3244b78942fcb58000c90f2,0,0,0,0,0,
18,20200625,MA,107837,697619.0,,822.0,11252.0,174.0,,101.0,,93157.0,A+,6/25/2020 10:00,2020-06-25T10:00:00Z,06/25 06:00,7963.0,11252.0,2020-06-25T10:00:00Z,1009203.0,,,102922.0,7776.0,187.0,25,226,10158,805456,805456,10384,805456,25,33,9831d9bfbfa7a12f9c04dff85d4486e3b70b9dd7,0,0,0,0,0,
19,20200624,MA,107611,687461.0,,939.0,11219.0,181.0,,98.0,,91404.0,A+,6/24/2020 10:00,2020-06-24T10:00:00Z,06/24 06:00,7938.0,11219.0,2020-06-24T10:00:00Z,995705.0,,,102762.0,7752.0,186.0,25,172,7258,795072,795072,7430,795072,48,62,afab543aedee7ee02e4ece37ae8c7701cf071cd4,0,0,0,0,0,
20,20200623,MA,107439,680203.0,,953.0,11157.0,181.0,,112.0,,91404.0,A+,6/23/2020 10:00,2020-06-23T10:00:00Z,06/23 06:00,7890.0,11157.0,2020-06-23T10:00:00Z,985711.0,,,102651.0,7710.0,180.0,25,229,7350,787642,787642,7579,787642,16,63,a05a08cfa1e64c4c0341295f5fc29516548a75f1,0,0,0,0,0,
21,20200622,MA,107210,672853.0,,920.0,11094.0,180.0,,107.0,,91404.0,A+,6/22/2020 10:00,2020-06-22T10:00:00Z,06/22 06:00,7874.0,11094.0,2020-06-22T10:00:00Z,975415.0,,,102469.0,7694.0,180.0,25,149,6594,780063,780063,6743,780063,16,9,49920c3aa592ef541c6e5a4f21d362d683ce1267,0,0,0,0,0,
22,20200621,MA,107061,666259.0,,927.0,11085.0,194.0,,111.0,,91404.0,A+,6/21/2020 10:00,2020-06-21T10:00:00Z,06/21 06:00,7858.0,11085.0,2020-06-21T10:00:00Z,966551.0,,,102333.0,7677.0,181.0,25,125,8258,773320,773320,8383,773320,30,9,ee59b475c70aa6b9c6a421f1f974374f3597c2d8,0,0,0,0,0,
23,20200620,MA,106936,658001.0,,964.0,11076.0,200.0,,118.0,,91404.0,A+,6/20/2020 10:00,2020-06-20T10:00:00Z,06/20 06:00,7828.0,11076.0,2020-06-20T10:00:00Z,956716.0,,,102228.0,7647.0,181.0,25,286,13844,764937,764937,14130,764937,28,40,592d0db0a791d585cae3dc1a0ea9eea69ee99408,0,0,0,0,0,
24,20200619,MA,106650,644157.0,,994.0,11036.0,199.0,,124.0,,91404.0,A+,6/19/2020 10:00,2020-06-19T10:00:00Z,06/19 06:00,7800.0,11036.0,2020-06-19T10:00:00Z,939352.0,,,102005.0,7619.0,181.0,25,228,9319,750807,750807,9547,750807,30,51,db70d4a1b48cff5eb7150a836acd02c2405d2367,0,0,0,0,0,
25,20200618,MA,106422,634838.0,,968.0,10985.0,227.0,,125.0,,91404.0,A+,6/18/2020 10:00,2020-06-18T10:00:00Z,06/18 06:00,7770.0,10985.0,2020-06-18T10:00:00Z,926804.0,,,101853.0,7591.0,179.0,25,271,8943,741260,741260,9214,741260,36,60,b99a74f3299fca7e28f0470d3fe5f3f03070b1cf,0,0,0,0,0,
26,20200617,MA,106151,625895.0,,998.0,10925.0,227.0,,135.0,,88725.0,A+,6/17/2020 10:00,2020-06-17T10:00:00Z,06/17 06:00,7734.0,10925.0,2020-06-17T10:00:00Z,914751.0,,,101654.0,7568.0,166.0,25,266,8133,732046,732046,8399,732046,69,58,6ca44c5e5ff5e418c93736a350361d3022549573,0,0,0,0,0,
27,20200616,MA,105885,617762.0,,1045.0,10867.0,244.0,,151.0,,88725.0,A+,6/16/2020 10:00,2020-06-16T10:00:00Z,06/16 06:00,7665.0,10867.0,2020-06-16T10:00:00Z,903422.0,,,101474.0,7508.0,157.0,25,195,6221,723647,723647,6416,723647,18,50,796bf4e5197dbc796ba3528a6fe2ea02b7f68ee5,0,0,0,0,0,
28,20200615,MA,105690,611541.0,,1026.0,10817.0,253.0,,167.0,,88725.0,A+,6/15/2020 16:00,2020-06-15T16:00:00Z,06/15 12:00,7647.0,10817.0,2020-06-15T16:00:00Z,,,,101334.0,7490.0,157.0,25,87,4434,717231,717231,4521,717231,23,15,2e421d98fa7e6d9de0a59512d01fd6594c2ad897,0,0,0,0,0,
29,20200614,MA,105603,607107.0,,1039.0,10802.0,244.0,,156.0,,88725.0,A+,6/14/2020 10:00,2020-06-14T10:00:00Z,06/14 06:00,7624.0,10802.0,2020-06-14T10:00:00Z,,,,101276.0,7467.0,157.0,25,208,8906,712710,712710,9114,712710,48,30,d7593efbb2cf93c87013750ebdd033e772be3f32,0,0,0,0,0,
30,20200613,MA,105395,598201.0,,1069.0,10772.0,249.0,,162.0,,88725.0,A+,6/13/2020 10:00,2020-06-13T10:00:00Z,06/13 06:00,7576.0,10772.0,2020-06-13T10:00:00Z,,,,101070.0,7420.0,156.0,25,336,9901,703596,703596,10237,703596,38,46,a8a7b28726f1ecbf2fd167274ed9027b78496c7b,0,0,0,0,0,
31,20200612,MA,105059,588300.0,,1143.0,10726.0,276.0,,170.0,,88725.0,A+,6/12/2020 10:00,2020-06-12T10:00:00Z,06/12 06:00,7538.0,10726.0,2020-06-12T10:00:00Z,,,,100811.0,7382.0,156.0,25,392,9879,693359,693359,10271,693359,46,72,9f17b99c55f73554761598f24f6e1b81c66a7ced,0,0,0,0,0,
32,20200611,MA,104667,578421.0,,1260.0,10654.0,296.0,,181.0,,88725.0,A+,6/11/2020 10:00,2020-06-11T10:00:00Z,06/11 06:00,7492.0,10654.0,2020-06-11T10:00:00Z,,,,100504.0,7337.0,155.0,25,511,10487,683088,683088,10998,683088,38,72,6160b8793a96bcaf9877f5df4eddb7c587e86e65,0,0,0,0,0,
33,20200610,MA,104156,567934.0,,1345.0,10582.0,319.0,,200.0,,84621.0,A+,6/10/2020 10:00,2020-06-10T10:00:00Z,06/10 06:00,7454.0,10582.0,2020-06-10T10:00:00Z,,,,100158.0,7300.0,154.0,25,267,9831,672090,672090,10098,672090,46,75,70e56153dbb34604791f9ad9ba9304982396c8c7,0,0,0,0,0,
34,20200609,MA,103889,558103.0,,1397.0,10507.0,315.0,,202.0,,84621.0,A+,6/9/2020 10:00,2020-06-09T10:00:00Z,06/09 06:00,7408.0,10507.0,2020-06-09T10:00:00Z,,,,99955.0,7255.0,153.0,25,263,4460,661992,661992,4723,661992,55,82,121a2f4f844872ffa68eb757ac10510c6c8d2eb0,0,0,0,0,0,
35,20200608,MA,103626,553643.0,,1415.0,10425.0,322.0,,209.0,,84621.0,A+,6/8/2020 10:00,2020-06-08T10:00:00Z,06/08 06:00,7353.0,10425.0,2020-06-08T10:00:00Z,,,,99755.0,7217.0,136.0,25,190,4589,657269,657269,4779,657269,37,32,4543bd4775cc6197e516aba94ca3d3e50bef8af3,0,0,0,0,0,
36,20200607,MA,103436,549054.0,,1442.0,10393.0,335.0,,221.0,,84621.0,A+,6/7/2020 10:00,2020-06-07T10:00:00Z,06/07 06:00,7316.0,10393.0,2020-06-07T10:00:00Z,,,,99562.0,7179.0,137.0,25,304,7547,652490,652490,7851,652490,27,24,beccecb97e8d7fe32567bd238e8d2b62739a30c0,0,0,0,0,0,
37,20200606,MA,103132,541507.0,,1529.0,10369.0,359.0,,238.0,,84621.0,A+,6/6/2020 10:00,2020-06-06T10:00:00Z,06/06 06:00,7289.0,10369.0,2020-06-06T10:00:00Z,,,,99301.0,7152.0,137.0,25,575,9295,644639,644639,9870,644639,54,66,542c86cd41978c07559d548cde1a3f8d982fa371,0,0,0,0,0,
38,20200605,MA,102557,532212.0,,1533.0,10303.0,350.0,,238.0,,84621.0,A+,6/5/2020 10:00,2020-06-05T10:00:00Z,06/05 06:00,7235.0,10303.0,2020-06-05T10:00:00Z,,,,98796.0,7097.0,138.0,25,494,9340,634769,634769,9834,634769,34,65,46221e7efe481eb8f357f079213a9f7273edd37f,0,0,0,0,0,
39,20200604,MA,102063,522872.0,,1637.0,10238.0,401.0,,249.0,,84621.0,A+,6/4/2020 10:00,2020-06-04T10:00:00Z,06/04 06:00,7201.0,10238.0,2020-06-04T10:00:00Z,,,,98376.0,7062.0,139.0,25,471,6703,624935,624935,7174,624935,49,87,3b20109d7187874257464ba1fc2e7ddb908e8ffb,0,0,0,0,0,
40,20200603,MA,101592,516169.0,,1684.0,10151.0,393.0,,263.0,,78108.0,A+,6/3/2020 10:00,2020-06-03T10:00:00Z,06/03 06:00,7152.0,10151.0,2020-06-03T10:00:00Z,,,,97964.0,7012.0,140.0,25,429,7937,617761,617761,8366,617761,67,88,37e2ecb366a93a1852f0c6e8edc5276a4a053809,0,0,0,0,0,
41,20200602,MA,101163,508232.0,,1657.0,10063.0,394.0,,269.0,,78108.0,A+,6/2/2020 10:00,2020-06-02T10:00:00Z,06/02 06:00,7085.0,10063.0,2020-06-02T10:00:00Z,,,,97539.0,6944.0,141.0,25,358,5604,609395,609395,5962,609395,50,111,5992c1ecee839e75ad9edf05d4faf0ba939a308f,0,0,0,0,0,
42,20200601,MA,100805,502628.0,,1747.0,9952.0,404.0,,289.0,,78108.0,A,5/31/2020 10:00,2020-05-31T10:00:00Z,05/31 06:00,7035.0,9952.0,2020-05-31T10:00:00Z,,,,97291.0,6894.0,141.0,25,3840,6740,603433,603433,10580,603433,189,129,565cfe3d3a829ff3f952d2eba1c00fbf174c2296,0,0,0,0,0,
43,20200531,MA,96965,495888.0,,1824.0,9823.0,436.0,,,,78108.0,A,5/31/2020 10:00,2020-05-31T10:00:00Z,05/31 06:00,6846.0,9823.0,2020-05-31T10:00:00Z,,,,96965.0,6846.0,,25,664,9670,592853,592853,10334,592853,78,34,45996b7dfdd0894081e8f4fef86408139feda30f,0,0,0,0,0,
44,20200530,MA,96301,486218.0,,1904.0,9789.0,453.0,,,,78108.0,A,5/30/2020 10:00,2020-05-30T10:00:00Z,05/30 06:00,6768.0,9789.0,2020-05-30T10:00:00Z,,,,96301.0,6768.0,,25,789,9985,582519,582519,10774,582519,50,64,a9f2e9789cade33a1dc35edd60387923f81329b3,0,0,0,0,0,
45,20200529,MA,95512,476233.0,,1991.0,9725.0,485.0,,,,78108.0,A,5/29/2020 16:00,2020-05-29T16:00:00Z,05/29 12:00,6718.0,9725.0,2020-05-29T16:00:00Z,,,,95512.0,6718.0,,25,617,8805,571745,571745,9422,571745,78,107,566f8791710a8ff2852140a7459e41c3054cda72,0,0,0,0,0,
46,20200528,MA,94895,467428.0,,2112.0,9618.0,529.0,,,,78108.0,A,5/28/2020 10:00,2020-05-28T10:00:00Z,05/28 06:00,6640.0,9618.0,2020-05-28T10:00:00Z,,,,94895.0,6640.0,,25,675,9504,562323,562323,10179,562323,93,126,11e693ba22646405d3a276f04bd9f0ad3c62d480,0,0,0,0,0,
47,20200527,MA,94220,457924.0,,2106.0,9492.0,556.0,,,,,A,5/27/2020 10:00,2020-05-27T10:00:00Z,05/27 06:00,6547.0,9492.0,2020-05-27T10:00:00Z,,,,93693.0,6473.0,,25,527,6136,552144,552144,6663,552144,74,104,5e53bfceb55572d176c6326d7999b4a32b339644,0,0,0,0,0,
48,20200526,MA,93693,451788.0,,2108.0,9388.0,560.0,,,,,A,5/26/2020 10:00,2020-05-26T10:00:00Z,05/26 06:00,6473.0,9388.0,2020-05-26T10:00:00Z,,,,93693.0,6473.0,,25,422,4498,545481,545481,4920,545481,57,49,7572c9c614fef03510f8764cdc22107473153021,0,0,0,0,0,
49,20200525,MA,93271,447290.0,,2132.0,9339.0,576.0,,,,,A,5/25/2020 10:00,2020-05-25T10:00:00Z,05/25 06:00,6416.0,9339.0,2020-05-25T10:00:00Z,,,,93271.0,6416.0,,25,596,7592,540561,540561,8188,540561,44,31,3edea6b28a6e09a040edc8a26d20d84656794fb0,0,0,0,0,0,
50,20200524,MA,92675,439698.0,,2169.0,9308.0,558.0,,,,,A,5/24/2020 10:00,2020-05-24T10:00:00Z,05/24 06:00,6372.0,9308.0,2020-05-24T10:00:00Z,,,,92675.0,6372.0,,25,1013,10374,532373,532373,11387,532373,68,48,1c3a6fa537b985bf8882e63a1cd147f5d173733f,0,0,0,0,0,
51,20200523,MA,91662,429324.0,,2237.0,9260.0,610.0,,,,,A,5/23/2020 10:00,2020-05-23T10:00:00Z,05/23 06:00,6304.0,9260.0,2020-05-23T10:00:00Z,,,,91662.0,6304.0,,25,773,8569,520986,520986,9342,520986,76,98,ca5296cbcc3d560e1175ee69d8f91e8164cb96f4,0,0,0,0,0,
52,20200522,MA,90889,420755.0,,2323.0,9162.0,628.0,,,,,A,5/22/2020 10:00,2020-05-22T10:00:00Z,05/22 06:00,6228.0,9162.0,2020-05-22T10:00:00Z,,,,90889.0,6228.0,,25,805,9353,511644,511644,10158,511644,80,122,34f640f8d85f9227819de95674d6f91cdb560cd1,0,0,0,0,0,
53,20200521,MA,90084,411402.0,,2396.0,9040.0,647.0,,,,,A,5/21/2020 10:00,2020-05-21T10:00:00Z,05/21 06:00,6148.0,9040.0,2020-05-21T10:00:00Z,,,,90084.0,6148.0,,25,1114,10419,501486,501486,11533,501486,82,143,5d1a6dfbb682f66a344f9b342b054049da824215,0,0,0,0,0,
54,20200520,MA,88970,400983.0,,2518.0,8897.0,675.0,,,,,A,5/20/2020 10:00,2020-05-20T10:00:00Z,05/20 06:00,6066.0,8897.0,2020-05-20T10:00:00Z,,,,88970.0,6066.0,,25,1045,11968,489953,489953,13013,489953,128,131,e795da875419ce37c1978230a36e60f95b7bf686,0,0,0,0,0,
55,20200519,MA,87925,389015.0,,2472.0,8766.0,672.0,,,,,A+,5/19/2020 10:00,2020-05-19T10:00:00Z,05/19 06:00,5938.0,8766.0,2020-05-19T10:00:00Z,,,,87925.0,5938.0,,25,873,6868,476940,476940,7741,476940,76,145,1312ec0fc41b2937c6d00c2d00fd044e25936124,0,0,0,0,0,
56,20200518,MA,87052,382147.0,,2533.0,8621.0,674.0,,,,,A+,5/17/2020 10:00,2020-05-17T10:00:00Z,05/17 06:00,5862.0,8621.0,2020-05-17T10:00:00Z,,,,87052.0,5862.0,,25,1042,7331,469199,469199,8373,469199,65,82,503b286b167c6570e1cebcf091ab52ae01fc8f3c,0,0,0,0,0,
57,20200517,MA,86010,374816.0,,2597.0,8539.0,702.0,,,,,A+,5/17/2020 10:00,2020-05-17T10:00:00Z,05/17 06:00,5797.0,8539.0,2020-05-17T10:00:00Z,,,,86010.0,5797.0,,25,1077,11660,460826,460826,12737,460826,92,83,90f61cb1ea33501206ae7a57e65c38e7b11bdcb6,0,0,0,0,0,
58,20200516,MA,84933,363156.0,,2692.0,8456.0,747.0,,,,,A+,5/16/2020 10:00,2020-05-16T10:00:00Z,05/16 06:00,5705.0,8456.0,2020-05-16T10:00:00Z,,,,84933.0,5705.0,,25,1512,10898,448089,448089,12410,448089,113,142,57cb72d8b0168626a6b73f67502e5d6efc4c85e1,0,0,0,0,0,
59,20200515,MA,83421,352258.0,,2767.0,8314.0,749.0,,,,,A+,5/14/2020 10:00,2020-05-14T10:00:00Z,05/14 06:00,5592.0,8314.0,2020-05-14T10:00:00Z,,,,83421.0,5592.0,,25,1239,10079,435679,435679,11318,435679,110,107,ef81357d1e59a1e2badf8f04dad7563a5a4aed66,0,0,0,0,0,
60,20200514,MA,82182,342179.0,,2859.0,8207.0,781.0,,,,,A+,5/13/2020 10:00,2020-05-13T10:00:00Z,05/13 06:00,5482.0,8207.0,2020-05-13T10:00:00Z,,,,82182.0,5382.0,,25,1685,12644,424361,424361,14329,424361,167,175,3a148feaae2d18b1332c8d0b012581c7f5c1a8f3,0,0,0,0,0,
61,20200513,MA,80497,329535.0,,3101.0,8032.0,794.0,,,,,A+,5/13/2020 10:00,2020-05-13T10:00:00Z,05/13 06:00,5315.0,8032.0,2020-05-13T10:00:00Z,,,,80497.0,5315.0,,25,1165,7371,410032,410032,8536,410032,174,190,85eac158dec965f8895de3109c012e1c2cc36d17,0,0,0,0,0,
62,20200512,MA,79332,322164.0,,3127.0,7842.0,818.0,,,,,A+,5/12/2020 10:00,2020-05-12T10:00:00Z,05/12 06:00,5141.0,7842.0,2020-05-12T10:00:00Z,,,,79332.0,5141.0,,25,870,5898,401496,401496,6768,401496,33,110,bd3993b38631b974e8e71a1f361f8e20742a8b4d,0,0,0,0,0,
63,20200511,MA,78462,316266.0,,3102.0,7732.0,813.0,,,,,A,5/11/2020 10:00,2020-05-11T10:00:00Z,05/11 06:00,5108.0,7732.0,2020-05-11T10:00:00Z,,,,78462.0,,,25,669,5670,394728,394728,6339,394728,129,115,704cc1826f77809536ec5225ac07d9f996863c05,0,0,0,0,0,
64,20200510,MA,77793,310596.0,,3128.0,7617.0,810.0,,,,,A,5/10/2020 10:00,2020-05-10T10:00:00Z,05/10 06:00,4979.0,7617.0,2020-05-10T10:00:00Z,,,,77793.0,,,25,1050,10802,388389,388389,11852,388389,139,66,86343dd89273858ed384646fe6211ad63a3b6b9e,0,0,0,0,0,
65,20200509,MA,76743,299794.0,,3229.0,7551.0,814.0,,,,,A,5/9/2020 12:00,2020-05-09T12:00:00Z,05/09 08:00,4840.0,7551.0,2020-05-09T12:00:00Z,,,,76743.0,,,25,1410,9104,376537,376537,10514,376537,138,117,600ccb694d5fb083b2b1beb496b452a328a4d318,0,0,0,0,0,
66,20200508,MA,75333,290690.0,,3349.0,7434.0,826.0,,,,,A,5/8/2020 10:00,2020-05-08T10:00:00Z,05/08 06:00,4702.0,7434.0,2020-05-08T10:00:00Z,,,,75333.0,,,25,1612,12779,366023,366023,14391,366023,150,197,26ee725df3a6dbfa33d7ebcecb795f4453d85712,0,0,0,0,0,
67,20200507,MA,73721,277911.0,,3436.0,7237.0,852.0,,,,,A,5/7/2020 12:00,2020-05-07T12:00:00Z,05/07 08:00,4552.0,7237.0,2020-05-07T12:00:00Z,,,,73721.0,,,25,1696,10297,351632,351632,11993,351632,132,157,6f9caac479259bfc90f121aa5034aed4edbd0aaf,0,0,0,0,0,
68,20200506,MA,72025,267614.0,,3564.0,7080.0,922.0,,,,,A,5/6/2020 12:00,2020-05-06T12:00:00Z,05/06 08:00,4420.0,7080.0,2020-05-06T12:00:00Z,,,,72025.0,,,25,1754,4536,339639,339639,6290,339639,208,249,4ba0d699eada06f98ec722af711bb0dea42eed57,0,0,0,0,0,
69,20200505,MA,70271,263078.0,,3542.0,6831.0,914.0,,,,,A,5/5/2020 12:00,2020-05-05T12:00:00Z,05/05 08:00,4212.0,6831.0,2020-05-05T12:00:00Z,,,,70271.0,,,25,1184,7897,333349,333349,9081,333349,122,209,06550a95e6e9c8f3cc0a9a06ec3fa459bb3d47b5,0,0,0,0,0,
70,20200504,MA,69087,255181.0,,3539.0,6622.0,908.0,,,,,A,5/4/2020 12:00,2020-05-04T12:00:00Z,05/04 08:00,4090.0,6622.0,2020-05-04T12:00:00Z,,,,69087.0,,,25,1000,8622,324268,324268,9622,324268,86,115,0f01f283475bf8c5574a1446bb8aa4f82e746cbc,0,0,0,0,0,
71,20200503,MA,68087,246559.0,,3617.0,6507.0,904.0,,,,,A,5/3/2020 16:00,2020-05-03T16:00:00Z,05/03 12:00,4004.0,6507.0,2020-05-03T16:00:00Z,,,,68087.0,,,25,1824,13828,314646,314646,15652,314646,158,129,c5c5bf362e141e007070fb060f20708a384e8d33,0,0,0,0,0,
72,20200502,MA,66263,232731.0,,3601.0,6378.0,921.0,,,,,A,5/2/2020 12:00,2020-05-02T12:00:00Z,05/02 08:00,3846.0,6378.0,2020-05-02T12:00:00Z,,,,66263.0,,,25,1952,7406,298994,298994,9358,298994,130,209,1da8f9425cb6a26a4309fb768c8a2e7161f8154e,0,0,0,0,0,
73,20200501,MA,64311,225325.0,,3716.0,6169.0,947.0,,,,,A,5/1/2020 12:00,2020-05-01T12:00:00Z,05/01 08:00,3716.0,6169.0,2020-05-01T12:00:00Z,,,,64311.0,,,25,2106,11883,289636,289636,13989,289636,154,227,08a53110b948cd6b6617a63e76eb6e7f8bb999f2,0,0,0,0,0,
74,20200430,MA,62205,213442.0,,3803.0,5942.0,1001.0,,,,,A,4/30/2020 16:00,2020-04-30T16:00:00Z,04/30 12:00,3562.0,5942.0,2020-04-30T16:00:00Z,,,,62205.0,,,25,1940,8089,275647,275647,10029,275647,157,184,fb28e1325575d0544fd3a622854edc08bb4018cf,0,0,0,0,0,
75,20200429,MA,60265,205353.0,,3856.0,5758.0,1011.0,,,,,A,4/29/2020 16:00,2020-04-29T16:00:00Z,04/29 12:00,3405.0,5758.0,2020-04-29T16:00:00Z,,,,60265.0,,,25,1963,9155,265618,265618,11118,265618,252,243,89feb0973b5b6044312e31bb1f666fe6ec074285,0,0,0,0,0,
76,20200428,MA,58302,196198.0,,3875.0,5515.0,1005.0,,,,,B,4/28/2020 16:00,2020-04-28T16:00:00Z,04/28 12:00,3153.0,5515.0,2020-04-28T16:00:00Z,,,,,,,25,1840,7773,254500,254500,9613,254500,150,278,892c4e6a812a05686da7e38e51d04b7efe9d85fc,0,0,0,0,0,
77,20200427,MA,56462,188425.0,,3892.0,5237.0,1089.0,,,,,B,4/27/2020 16:00,2020-04-27T16:00:00Z,04/27 12:00,3003.0,5237.0,2020-04-27T16:00:00Z,,,,,,,25,1524,7263,244887,244887,8787,244887,104,133,2cd4f03462497a6ef3c835f2a8c2ec36fac00a8d,0,0,0,0,0,
78,20200426,MA,54938,181162.0,,3879.0,5104.0,1077.0,,,,,B,4/26/2020 16:00,2020-04-26T16:00:00Z,04/26 12:00,2899.0,5104.0,2020-04-26T16:00:00Z,,,,,,,25,1590,7665,236100,236100,9255,236100,22,139,56790b63d5e78a9cde5e35f3ccd9738ab9eac4d0,0,0,0,0,0,
79,20200425,MA,53348,173497.0,,3879.0,4965.0,1058.0,,,,,B,4/25/2020 16:00,2020-04-25T16:00:00Z,04/25 12:00,2877.0,4965.0,2020-04-25T16:00:00Z,,,,,,,25,2379,9253,226845,226845,11632,226845,0,213,82553ca5a81d8e7d83c359ab577008d943d93c92,0,0,0,0,0,
80,20200424,MA,50969,164244.0,,3847.0,4752.0,1034.0,,,,,B,4/24/2020 12:00,2020-04-24T12:00:00Z,04/24 08:00,2877.0,4752.0,2020-04-24T12:00:00Z,,,,,,,25,2977,7920,215213,215213,10897,215213,108,259,75763399107497d6bae9407f233ea8530b5e112b,0,0,0,0,0,
81,20200423,MA,47992,156324.0,,3851.0,4493.0,1034.0,,,,,B,4/22/2020 16:00,2020-04-22T16:00:00Z,04/22 12:00,2769.0,4493.0,2020-04-22T16:00:00Z,,,,,,,25,3079,11535,204316,204316,14614,204316,172,237,2e1735e47e6b3bbbe82cdc6947b7447d0a0929cc,0,0,0,0,0,
82,20200422,MA,44913,144789.0,,3890.0,4256.0,1050.0,,,,,B,4/22/2020 16:00,2020-04-22T16:00:00Z,04/22 12:00,2597.0,4256.0,2020-04-22T16:00:00Z,,,,,,,25,1745,3345,189702,189702,5090,189702,148,247,17905345eafcc5ceb9d2f2c8cff72db7741eda33,0,0,0,0,0,
83,20200421,MA,43168,141444.0,,3977.0,4009.0,1040.0,,,,,B,4/21/2020 16:00,2020-04-21T16:00:00Z,04/21 12:00,2449.0,4009.0,2020-04-21T16:00:00Z,,,,,,,25,1752,5398,184612,184612,7150,184612,146,137,ed749b7b7ea575f265bb4508348f29a05090f321,0,0,0,0,0,
84,20200420,MA,41416,136046.0,,3872.0,3872.0,987.0,,,,,B,4/19/2020 16:00,2020-04-19T16:00:00Z,04/19 12:00,2303.0,3872.0,2020-04-19T16:00:00Z,,,,,,,25,1596,6751,177462,177462,8347,177462,157,83,1af9514ee8e95d576cd3a9cc7c887728256a0f68,0,0,0,0,0,
85,20200419,MA,39820,129295.0,,3789.0,3789.0,987.0,,,,,B,4/19/2020 16:00,2020-04-19T16:00:00Z,04/19 12:00,2146.0,3789.0,2020-04-19T16:00:00Z,,,,,,,25,2293,4691,169115,169115,6984,169115,163,61,62dc49176e32e0c23621647de55249cc0de8f0c4,0,0,0,0,0,
86,20200418,MA,37527,124604.0,,3728.0,3728.0,987.0,,,,,B,4/17/2020 16:00,2020-04-17T16:00:00Z,04/17 12:00,1983.0,3728.0,2020-04-17T16:00:00Z,,,,,,,25,2402,7409,162131,162131,9811,162131,161,-28,331b95c1f468360692cc181260ec165020384b44,0,0,0,0,0,
87,20200417,MA,35125,117195.0,,3756.0,3756.0,987.0,,,,,B,4/16/2020 10:00,2020-04-16T10:00:00Z,04/16 06:00,1822.0,3756.0,2020-04-16T10:00:00Z,,,,,,,25,2633,7097,152320,152320,9730,152320,155,30,061f95d3621dac636891841ea87f29a30c66874a,0,0,0,0,0,
88,20200416,MA,32492,110098.0,,3726.0,3726.0,973.0,,,,,B,4/16/2020 10:00,2020-04-16T10:00:00Z,04/16 06:00,1667.0,3726.0,2020-04-16T10:00:00Z,,,,,,,25,2522,7308,142590,142590,9830,142590,165,89,0c6d87b64bdd6cbed29631c2de8eb5296cbb4327,0,0,0,0,0,
89,20200415,MA,29970,102790.0,,3637.0,3637.0,973.0,,,,,B,4/15/2020 10:00,2020-04-15T10:00:00Z,04/15 06:00,1502.0,3637.0,2020-04-15T10:00:00Z,,,,,,,25,1861,3970,132760,132760,5831,132760,173,21,ccab9c958040af1861641701a8c95f17d914ad9f,0,0,0,0,0,
90,20200414,MA,28109,98820.0,,3616.0,3616.0,,,,,,B,4/14/2020 10:00,2020-04-14T10:00:00Z,04/14 06:00,1329.0,3616.0,2020-04-14T10:00:00Z,,,,,,,25,1315,3320,126929,126929,4635,126929,118,131,b4cadf127014b8f015a01bd6647f1b0fbf4edf23,0,0,0,0,0,
91,20200413,MA,26794,95500.0,,3485.0,3485.0,,,,,,B,4/13/2020 10:00,2020-04-13T10:00:00Z,04/13 06:00,1211.0,3485.0,2020-04-13T10:00:00Z,,,,,,,25,1413,4037,122294,122294,5450,122294,155,971,700192be7dc4becc4b3f68be47b37a4a09abc61b,0,0,0,0,0,
92,20200412,MA,25381,91463.0,,2514.0,2514.0,,,,,,B,4/12/2020 16:00,2020-04-12T16:00:00Z,04/12 12:00,1056.0,2514.0,2020-04-12T16:00:00Z,,,,,,,25,2615,5348,116844,116844,7963,116844,110,7,350ec537a6ec3f1eb7f997bf38efde6f447869c0,0,0,0,0,0,
93,20200411,MA,22766,86115.0,,2507.0,2507.0,,,,,,B,4/11/2020 12:30,2020-04-11T12:30:00Z,04/11 08:30,946.0,2507.0,2020-04-11T12:30:00Z,,,,,,,25,1888,4551,108881,108881,6439,108881,114,72,df67c259f4abafe079bb11a1f9fb52c0392cd184,0,0,0,0,0,
94,20200410,MA,20878,81564.0,,2435.0,2435.0,,,,,,B,4/10/2020 12:30,2020-04-10T12:30:00Z,04/10 08:30,832.0,2435.0,2020-04-10T12:30:00Z,,,,,,,25,2035,5418,102442,102442,7453,102442,107,133,1ff9cba7a61bd8ccee5a0e86699e081ab426c047,0,0,0,0,0,
95,20200409,MA,18843,76146.0,,2302.0,2302.0,,,,,,B,4/9/2020 12:30,2020-04-09T12:30:00Z,04/09 08:30,725.0,2302.0,2020-04-09T12:30:00Z,,,,,,,25,2151,5297,94989,94989,7448,94989,110,183,3f15d8372e09caf26eaa043be8bbb7bf4e1870d4,0,0,0,0,0,
96,20200408,MA,16692,70849.0,,2119.0,2119.0,,,,,,B,4/8/2020 12:30,2020-04-08T12:30:00Z,04/08 08:30,615.0,2119.0,2020-04-08T12:30:00Z,,,,,,,25,1588,4579,87541,87541,6167,87541,100,288,ba76b3783748f4939cb801d162ce0185bf0412f5,0,0,0,0,0,
97,20200407,MA,15104,66270.0,,1831.0,1831.0,,,,,,B,4/7/2020 12:30,2020-04-07T12:30:00Z,04/07 08:30,515.0,1831.0,2020-04-07T12:30:00Z,,,,,,,25,1365,3550,81374,81374,4915,81374,67,164,cea8721820271991ba42c75c1b398794977f4f77,0,0,0,0,0,
98,20200406,MA,13739,62720.0,,1667.0,1667.0,,,,,,B,4/6/2020 12:30,2020-04-06T12:30:00Z,04/06 08:30,448.0,1667.0,2020-04-06T12:30:00Z,,,,,,,25,1337,3155,76459,76459,4492,76459,78,35,3affd7f4d4ef00c259e6531fb23941a0992ec1ed,0,0,0,0,0,
99,20200405,MA,12402,59565.0,,1632.0,1632.0,,,,,,B,4/5/2020 12:30,2020-04-05T12:30:00Z,04/05 08:30,370.0,1632.0,2020-04-05T12:30:00Z,,,,,,,25,765,2374,71967,71967,3139,71967,66,262,c2ec3ab3560c995f67673dfd4615be3d52dd0289,0,0,0,0,0,
100,20200404,MA,11637,57191.0,,1370.0,1370.0,,,,,,B,4/4/2020 12:30,2020-04-04T12:30:00Z,04/04 08:30,304.0,1370.0,2020-04-04T12:30:00Z,,,,,,,25,1334,4506,68828,68828,5840,68828,39,404,ef9af1160d49bf02ab5513a3a8fc37b8ec0ec650,0,0,0,0,0,
101,20200403,MA,10303,52685.0,,,966.0,,,,,,B,4/3/2020 12:30,2020-04-03T12:30:00Z,04/03 08:30,265.0,966.0,2020-04-03T12:30:00Z,,,,,,,25,1436,4918,62988,62988,6354,62988,36,153,aed2a701ae88aa2daba35437556f63ea01d818a2,0,0,0,0,0,
102,20200402,MA,8867,47767.0,,,813.0,,,,,,B,4/2/2020 16:00,2020-04-02T16:00:00Z,04/02 12:00,229.0,813.0,2020-04-02T16:00:00Z,,,,,,,25,1228,3642,56634,56634,4870,56634,42,131,608de1c5fe7f522158f42db5dd079a5a02ab841f,0,0,0,0,0,
103,20200401,MA,7639,44125.0,,,682.0,,,,,,B,3/31/2020 12:30,2020-03-31T12:30:00Z,03/31 08:30,187.0,682.0,2020-03-31T12:30:00Z,,,,,,,25,1118,3685,51764,51764,4803,51764,34,120,32e6f7ddf8216a9918d0df0b8326d83f8632510a,0,0,0,0,0,
104,20200331,MA,6521,40440.0,,,562.0,,,,,,B,3/31/2020 12:30,2020-03-31T12:30:00Z,03/31 08:30,153.0,562.0,2020-03-31T12:30:00Z,,,,,,,25,868,3274,46961,46961,4142,46961,29,109,c5841c884f33a3d06099b254ca519d1be56a737b,0,0,0,0,0,
105,20200330,MA,5653,37166.0,,,453.0,,,,,,B,3/30/2020 16:15,2020-03-30T16:15:00Z,03/30 12:15,124.0,453.0,2020-03-30T16:15:00Z,,,,,,,25,797,2932,42819,42819,3729,42819,25,54,002a4f66529fc483324d8ef02a6a1502cd1ce5c6,0,0,0,0,0,
106,20200329,MA,4856,34234.0,,,399.0,,,,,,B,3/28/2020 12:30,2020-03-28T12:30:00Z,03/28 08:30,99.0,399.0,2020-03-28T12:30:00Z,,,,,,,25,698,3319,39090,39090,4017,39090,27,49,9b66eb4938f8d61e206c7734056f62d6a515799c,0,0,0,0,0,
107,20200328,MA,4158,30915.0,,,350.0,,,,,,B,3/27/2020 12:30,2020-03-27T12:30:00Z,03/27 08:30,72.0,350.0,2020-03-27T12:30:00Z,,,,,,,25,1007,4671,35073,35073,5678,35073,15,131,a4113878e668fe09511e9895f62f60de928fd8af,0,0,0,0,0,
108,20200327,MA,3151,26244.0,,,219.0,,,,,,B,3/27/2020 12:30,2020-03-27T12:30:00Z,03/27 08:30,57.0,219.0,2020-03-27T12:30:00Z,,,,,,,25,833,4917,29395,29395,5750,29395,15,0,93edc051d08a4f4eb68b0ec78e75daee77bab18d,0,0,0,0,0,
109,20200326,MA,2318,21327.0,,,219.0,,,,,,B,3/26/2020 12:30,2020-03-26T12:30:00Z,03/26 08:30,42.0,219.0,2020-03-26T12:30:00Z,,,,,,,25,579,3248,23645,23645,3827,23645,9,116,b96a79886f06d4f3df20938cf4ced2e51717aa08,0,0,0,0,0,
110,20200325,MA,1739,18079.0,,,103.0,,,,,,B,3/25/2020 16:00,2020-03-25T16:00:00Z,03/25 12:00,33.0,103.0,2020-03-25T16:00:00Z,,,,,,,25,679,5365,19818,19818,6044,19818,7,9,98dad65199a72fe45cab478b5098ee71df0cf0b2,0,0,0,0,0,
111,20200324,MA,1060,12714.0,,,94.0,,,,,,B,3/24/2020 12:30,2020-03-24T12:30:00Z,03/24 08:30,26.0,94.0,2020-03-24T12:30:00Z,,,,,,,25,382,4451,13774,13774,4833,13774,9,15,5c83c4248263a0b28ccef33679ea47571477cdf6,0,0,0,0,0,
112,20200323,MA,678,8263.0,,,79.0,,,,,,B,3/23/2020 12:30,2020-03-23T12:30:00Z,03/23 08:30,17.0,79.0,2020-03-23T12:30:00Z,,,,,,,25,131,2787,8941,8941,2918,8941,6,8,5e0e90ac193b48ff5919fbdfa2d4b9997d2a0347,0,0,0,0,0,
113,20200322,MA,547,5476.0,,,71.0,,,,,,,3/22/2020 16:00,2020-03-22T16:00:00Z,03/22 12:00,11.0,71.0,2020-03-22T16:00:00Z,,,,,,,25,121,677,6023,6023,798,6023,4,10,c4e148d8a7c53a8fcfe6fb88d87c08063b5ea667,0,0,0,0,0,
114,20200321,MA,426,4799.0,,,61.0,,,,,,,3/21/2020 16:00,2020-03-21T16:00:00Z,03/21 12:00,7.0,61.0,2020-03-21T16:00:00Z,,,,,,,25,112,1004,5225,5225,1116,5225,2,61,d5a949ce4ee807ff9aae6bb1ed5b40f919c396f3,0,0,0,0,0,
115,20200320,MA,314,3795.0,,,,,,,,,,3/20/2020 16:00,2020-03-20T16:00:00Z,03/20 12:00,5.0,,2020-03-20T16:00:00Z,,,,,,,25,85,877,4109,4109,962,4109,2,0,a28e84fefc9cc90b1064d774962970c74d40c250,0,0,0,0,0,
116,20200319,MA,229,2918.0,,,,,,,,,,3/19/2020 11:30,2020-03-19T11:30:00Z,03/19 07:30,3.0,,2020-03-19T11:30:00Z,,,,,,,25,73,803,3147,3147,876,3147,1,0,8c7ce3282b243c276fc7164148b59f1da7b36227,0,0,0,0,0,
117,20200318,MA,156,2115.0,,,,,,,,,,3/18/2020 16:00,2020-03-18T16:00:00Z,03/18 12:00,2.0,,2020-03-18T16:00:00Z,,,,,,,25,38,482,2271,2271,520,2271,2,0,27c38810ee79d92f3a024ec108ddd781cbe06e77,0,0,0,0,0,
118,20200317,MA,118,1633.0,,,,,,,,,,3/16/2020 16:00,2020-03-16T16:00:00Z,03/16 12:00,,,2020-03-16T16:00:00Z,,,,,,,25,21,434,1751,1751,455,1751,0,0,2e05aa4d0b65c6dabfde28c61524947bbb9d6700,0,0,0,0,0,
119,20200316,MA,97,1199.0,,,,,,,,,,3/16/2020 15:48,2020-03-16T15:48:00Z,03/16 11:48,,,2020-03-16T15:48:00Z,,,,,,,25,33,615,1296,1296,648,1296,0,0,501f02e318319195682bf2005a4892bc5701f106,0,0,0,0,0,
120,20200315,MA,64,584.0,,,,,,,,,,3/14/2020 16:00,2020-03-14T16:00:00Z,03/14 12:00,,,2020-03-14T16:00:00Z,,,,,,,25,26,584,648,648,610,648,0,0,ad1e8f5c6ff200177b7023ed5dbb1ed34b97ed29,0,0,0,0,0,
121,20200314,MA,38,,,,,,,,,,,3/14/2020 16:00,2020-03-14T16:00:00Z,03/14 12:00,,,2020-03-14T16:00:00Z,,,,,,,25,15,0,38,38,15,38,0,0,f1fa267152dad98b860c513bc0b5cc8f81e34ec9,0,0,0,0,0,
122,20200313,MA,23,,,,,,,,,,,3/13/2020 16:00,2020-03-13T16:00:00Z,03/13 12:00,,,2020-03-13T16:00:00Z,,,,,,,25,15,0,23,23,15,23,0,0,f936c432c2165faccceeb8cb44c099fe1c3a1e0f,0,0,0,0,0,
123,20200312,MA,8,,,,,,,,,,,3/11/2020 00:00,2020-03-11T00:00:00Z,03/10 20:00,,,2020-03-11T00:00:00Z,,,,,,,25,0,0,8,8,0,8,0,0,4924085b7de3815e8cbb50ab8a324d9e275e88bb,0,0,0,0,0,
